Page,MiracleHunter Entry,Status,Existing Link,Additional Tags
40-999,40 - Zaragoza (Spain),"Approved, in sites",https://orbisdei.org/site/es-zaragoza-cathedral-basilica-of-our-lady-of-the-pillar,"apostles,holy-persons,james-great"
40-999,ca. 48 - Ephesus (Turkey),Queued for approval (marian-sites tag added this pass — was missing),https://orbisdei.org/site/tr-ephesus-church-of-mary,
40-999,ca. 48 - India,"No specific site/structure cited by MiracleHunter (country only, no place named) — not trackable as a database site",,
40-999,81 - Patmos (Greece),Not previously ingested — written as new lead this pass,research_findings lead f8c5e40d-753b-4c40-a646-961439bda124,
40-999,105 - Kuravilangad (India),"Approved, in sites",https://orbisdei.org/site/in-kuravilangad-major-archiepiscopal-marth-mariam-archdeacon-pilgrim-church-at-kuravilangad,syro-malabar
40-999,231 - Neocaesarea (Turkey),Not previously ingested — written as new lead this pass,research_findings lead f7f207bd-962d-48cd-9224-143fa1a33f22,
40-999,"July 11, 250 - Le Puy en Velay (France)","Approved, in sites",https://orbisdei.org/site/fr-le-puy-en-velay-cathedral-of-our-lady-of-puy,camino
40-999,ca. 250 - Lenola (Italy),Not previously ingested — written as new lead this pass,research_findings lead ef88b1c8-bd31-4867-a581-7275e762d521,
40-999,"August 10, 258 - Rome (Italy)","Untraceable (MiracleHunter's own cited source calls this claim ""totally unverifiable,"" emerging only in the 4th century with no contemporary corroboration; the honoring basilica is real but not credibly tied to this specific claim — written as new excluded record this pass, consistent with the Fulda/St. Boniface precedent)",research_findings excluded 1babb94d-c8e8-42f0-867c-c0f6fbd4dda8,
40-999,ca. 300 - Edessa (Turkey),Not previously ingested — written as new lead this pass,research_findings lead 89f35064-3896-453c-b618-c0d6e4edadc4,
40-999,ca. 300 - Italy,"No specific site/structure cited by MiracleHunter (country only, no place named) — not trackable as a database site",,
40-999,305 - Alexandria (Egypt),"Untraceable (existing research already excluded this — the 19th-century cathedral is real and dedicated to St. Catherine in general veneration, but no source ties it to her specific, undocumented martyrdom site; marian-sites tag and MiracleHunter link added this pass — both were missing)",research_findings excluded 79ca17b7-2404-474c-bf2f-4bf9c205ac19,
40-999,325 - Myra (Turkey),Queued for approval (marian-sites tag and MiracleHunter source link added this pass — both were missing),research_findings candidate bed3a74c-36ed-4a03-8e26-2000a76a15ad,nicholas-myra
40-999,335 - Kuravilangad (India),"Approved, in sites",https://orbisdei.org/site/in-kuravilangad-major-archiepiscopal-marth-mariam-archdeacon-pilgrim-church-at-kuravilangad,syro-malabar
40-999,ca. 350 - Island of St. Nicholas (Italy),Not previously ingested — written as new lead this pass,research_findings lead 616ca495-ef56-48ec-8f57-4b0c48327147,
40-999,"August 4, 352 - Rome (Italy)","Approved, in sites",https://orbisdei.org/site/it-rome-papal-basilica-of-st-mary-major,"luke-evangelist,major-basilicas"
40-999,363 - Caesarea (Turkey),Excluded — no locatable/visitable site identified (per existing research; St. Basil's charitable complex survives only as unexcavated remains beneath a much later fortress),research_findings excluded 2d7faf70-d011-4e86-aaf6-c45a2ad710bf,basil-great
40-999,371 - Tours (France),Queued for approval (MiracleHunter source link added this pass — was missing),research_findings candidate 973179d3-fbaf-4ad8-a14d-553a49977d15,
40-999,380 - Tagaste (Algeria),Not previously ingested — written as new lead this pass,research_findings lead e7ef5dd2-a901-4846-80fe-6ea630e1a2f4,
40-999,ca. 400 - Constantinople (Turkey),Not previously ingested — written as new lead this pass,research_findings lead 40e87a69-a03f-4efd-998d-2814ffd6cb0d,
40-999,420 - Egypt,"No specific site/structure cited by MiracleHunter (country only, no place named) — not trackable as a database site",,
40-999,431 - Behuard (France),"Queued for approval (initially miscategorized as net-new — actually already researched as ""Church of Our Lady of Béhuard"" under a prior pass; MiracleHunter link added this pass — was missing, no dedicated MH subpage exists so the category index page was used)",research_findings candidate ecb32e29-f9bb-4e6f-b8af-3e89e5f832b4,
40-999,450? - Agde (France),Queued for approval (MiracleHunter source link added this pass — was missing),research_findings candidate e061ccf8-7330-4bc9-a855-4da47e7bb32c,
40-999,455 - Constantinople (Turkey),Not previously ingested — written as new lead this pass,research_findings lead e7191b7e-8d34-414c-9d1d-223250608606,
40-999,ca. 490 - (no place named; Visionary: Corentin),No specific site/structure cited by MiracleHunter (no place named at all) — not trackable as a database site,,
40-999,"492 - Gargano, Naples (Italy)",Not previously ingested — written as new lead this pass,research_findings lead 1bab5cd7-f440-4b50-bfaf-285d959b7873,
40-999,"500? - Sicea, Galatia (Turkey)",Not previously ingested — written as new lead this pass,research_findings lead 4749d167-a61c-4221-a86d-6e9537a5a6ac,
40-999,526 - Rome (Italy),Not previously ingested — written as new lead this pass,research_findings lead a1dc45dd-0bbc-4e43-8495-647abb3ba52d,
40-999,530 - (no place named; Visionary: St. Dosithée),No specific site/structure cited by MiracleHunter (no place named at all) — not trackable as a database site,,
40-999,535 - (no place named; Visionary: St. Melaine),No specific site/structure cited by MiracleHunter (no place named at all) — not trackable as a database site,,
40-999,"538 - Adana, Cilicia (Turkey)",Not previously ingested — written as new lead this pass,research_findings lead 4ce27b88-f889-4ee7-a426-50cc6bfcd016,
40-999,c. 550 - (no place named; Visionary: St. Galla),No specific site/structure cited by MiracleHunter (no place named at all) — not trackable as a database site,,
40-999,c. 550 - (no place named; Visionary: St. Gregory of Tours),No specific site/structure cited by MiracleHunter (no place named at all) — not trackable as a database site,,
40-999,c. 550 - Spoleto (Italy),Queued for approval,research_findings candidate 0a12b350-b1f1-482e-9985-4e0916c5c186,
40-999,552 - Constantinople (Turkey),Not previously ingested — written as new lead this pass,research_findings lead 2259a981-e92b-4feb-8fc5-65f6b24d502e,
40-999,552 - Gualdo Tadino (Italy),Not previously ingested — written as new lead this pass,research_findings lead bd470e4c-08c1-4d0a-8a17-96393127c598,
40-999,560 - Genoa (Italy),Queued for approval (MiracleHunter source link added this pass — was missing),research_findings candidate 7b8c6b14-9f36-4c15-8e2a-3c3111a2af6c,
40-999,"5th century - Evesham, Worcestershire (England)",Queued for approval,research_findings candidate 34116f2f-b510-48ce-a0e8-187d44a757fd,
40-999,6th century - Saydnaya (Syria),Queued for approval,research_findings candidate ae2a50f0-0924-4e43-b6d9-b9e4299db971,
40-999,6th century - Constantinople (Turkey),Not previously ingested — written as new lead this pass,research_findings lead 4af10699-02a2-4f36-880c-d57a86804311,
40-999,626 - Constantinople (Turkey),Not previously ingested — written as new lead this pass,research_findings lead 85308c04-aef9-4809-9efc-c8b742aee311,
40-999,636 - Boulogne (France),Queued for approval (MiracleHunter source link added this pass — was missing),research_findings candidate 5d71b383-efa2-43d0-8f92-3260a1be728f,
40-999,658 - (no place named; Visionary: St. Giudicaele),No specific site/structure cited by MiracleHunter (no place named at all) — not trackable as a database site,,
40-999,"660 - Hainault, Flanders (Belgium)",Not previously ingested — written as new lead this pass,research_findings lead 3567ee6e-7bdd-4489-a864-11780716a92e,
40-999,"August 15, 660 - Toledo (Spain)",Queued for approval (MiracleHunter source link added this pass — was missing),research_findings candidate e356b137-6538-409b-a23e-00672ddd68b2,ildefonso-toledo
40-999,663 - Benevento (Italy),Not previously ingested — written as new lead this pass,research_findings lead 96969b15-c37d-455c-914f-baaa9a94a94e,
40-999,684 or 700 - Clermont-Ferrand (France),Queued for approval,research_findings candidate c3397e3d-d1dd-4e50-a079-84056a7162a6,
40-999,6th c. - Bonito (Italy),Queued for approval (MiracleHunter source link added this pass — was missing),research_findings candidate e6027a6c-736f-4ed7-af5c-c92ccb1b5a88,
40-999,708 or 717 - Evesham (England),Queued for approval,research_findings candidate 34116f2f-b510-48ce-a0e8-187d44a757fd,
40-999,714 - Constantinople (Turkey),Not previously ingested — written as new lead this pass,research_findings lead 39349b3d-d38f-4cfc-8529-c667ee173d76,
40-999,715 - Propezzano (Italy),Not previously ingested — written as new lead this pass,research_findings lead 5bad20c4-c2c1-40f7-b335-9b16cb75aa60,
40-999,720 - Farfa (Italy),Queued for approval,research_findings candidate 06a7fb9f-92c4-4118-881a-9795bdfc8f99,
40-999,727 - Maastricht (Germany),Not previously ingested — written as new lead this pass,research_findings lead 81bcc464-2a7e-4dc1-8404-3ff8c9007256,
40-999,731 - Savoy (France),"Excluded — no locatable site identified (per existing research; MiracleHunter ties the claim only to the broad Savoy region, no specific church or marker named)",research_findings excluded 637e00ca-2f29-4384-943e-403cc562b5eb,marino-savoy
40-999,754 - Mainz (Germany),"Untraceable (real, well-documented site — Fulda Cathedral, Boniface's burial site and Germany's foremost Bonifatian pilgrimage destination — but the specific oak-tree apparition claim is uncorroborated by near-contemporary sources, and MiracleHunter itself places the event at ""Mainz,"" not Fulda; marian-sites tag removed and status corrected to excluded this pass, per your Fulda Cathedral / St. Boniface precedent)",research_findings excluded a37a1765-c188-4d14-b832-22c5c90b5253,boniface-mainz
40-999,766 - Montreuil (France),"Queued for approval (marian-sites tag added this pass — was missing; note the matching record's municipality is Moussy-le-Neuf, not Montreuil — worth double-checking against MiracleHunter's place name when next reviewed)",research_findings candidate 09d07925-fd29-4f69-992f-9d7792e74aa9,opportuna-montreuil
40-999,c. 800 - Rosenthal (Germany),Queued for approval,research_findings candidate 6fb2cd67-5997-4248-8997-1401a83856cb,
40-999,c. 810 - Corbie (France),Not previously ingested — written as new lead this pass,research_findings lead df0b0031-835e-4491-8ed3-7e5d9df05f40,
40-999,836 - Toulouse (France),"Excluded — no locatable site identified (per existing research; no specific church or marker named, apparition placed only generally in ""Toulouse"" during an unspecified Mass)",research_findings excluded f3c81b02-aacd-4276-bbba-5f409549c155,
40-999,840 - Tours (France),Not previously ingested — written as new lead this pass,research_findings lead a423e779-8ba4-43ae-bec6-3c513cdba6e1,
40-999,ca. 900 - Blacherne (Turkey),Not previously ingested — written as new lead this pass,research_findings lead 8e3bcc25-4176-4def-afa3-f8b0337eb9a9,
40-999,930 - Reims (France),"Excluded — no locatable site identified (per existing research; MiracleHunter's own entry has no narrative, location, or source beyond the bare visionary name ""Fr. Gerhard"")",research_findings excluded e7683008-0aab-4e20-a310-72099a44d00b,
40-999,"September 13, 948 - Einsiedeln (Switzerland)",Queued for approval,research_findings candidate 42caff0e-97fc-49a5-ae60-4e9249b80b64,meinrad-einsiedeln
40-999,c. 950 - Castelnuovo di Conza (Italy),Queued for approval,research_findings candidate 0dcfd326-bf0a-4140-9783-2c242bfe8b80,
40-999,959 - Herford (Germany),Queued for approval (MiracleHunter source link added this pass — was missing),research_findings candidate 4d61e279-03a3-43d8-a3eb-2a8766181e2c,
40-999,963 - Mt. Athos (Greece),Not previously ingested — written as new lead this pass,research_findings lead 94af089d-c385-4b0d-bf89-4847c961b591,
40-999,965 - Cologne (Germany),"Excluded — no locatable site identified (per existing research; no shrine, chapel, or marker resulted from or commemorates the event per any source found)",research_findings excluded 433ac652-d0c9-4fbe-aeef-d066475ae9b7,
40-999,970 - Sion Les Saintos (France),"Queued for approval (initially miscategorized as net-new under a wrong guess of ""Toul"" — actually already researched and correctly matched to ""Basilica of Our Lady of Sion"" (Saxon-Sion, France) under a prior pass; MiracleHunter link added this pass — was missing, no dedicated MH subpage exists so the category index page was used)",research_findings candidate 9a7865c0-87cb-4040-89c0-9c980ff0f41c,
40-999,980 - Canterbury (England),Queued for approval,research_findings candidate 93a0b857-f755-492b-9a5c-9e8e1e3307c3,"dunstan-canterbury,anselm-canterbury,thomas-becket"
40-999,shortly before 1000 - Picciano (Italy),Queued for approval,research_findings candidate 0604d8d9-4a20-4ce7-aa10-cc0915810bdd,
1000-1099,1000 - Auxerre (France),Excluded — no locatable site identified (per existing research; MiracleHunter's own entry has no content beyond the visionary's bare name),research_findings excluded 5e29885e-27d9-48eb-88c1-f3b698e21520,
1000-1099,1000 - Clermont-Ferrand (France),Excluded — no locatable site identified (per existing research; MiracleHunter's own entry has no content beyond the visionary's bare name),research_findings excluded 22f8b5db-044c-46e5-97e3-75a0a22c0251,
1000-1099,"May 1000 - Montefortino, Marche (Italy)",Queued for approval (MiracleHunter source link added this pass — was missing),research_findings candidate e46ad4f0-b412-49b2-89de-b16540aa5978,
1000-1099,ca. 1000 - Monte Carpegna (Italy),"Queued for approval (MiracleHunter source link added this pass — was missing; no dedicated MH subpage exists, category index page used)",research_findings candidate 4bab786f-d333-4707-a49e-2054cb4ce9af,
1000-1099,"April 26, 1001 - Borgo Incoronata (Italy)",Queued for approval (MiracleHunter source link added this pass — was missing),research_findings candidate 05a4526d-d519-4956-bc6a-39e061232f21,
1000-1099,1002 - Cologne (Germany),"Queued for approval (MiracleHunter source link added this pass — was missing; no dedicated MH subpage exists, category index page used)",research_findings candidate d9774e89-f747-4d65-8cde-1df0ed1db1f0,
1000-1099,1008 - Valenciennes (France),"Queued for approval (MiracleHunter source link added this pass — was missing; no dedicated MH subpage exists, category index page used)",research_findings candidate 89646fa8-3285-4609-8286-117bc78a7df0,
1000-1099,"1016 - Ivrea, Piemonte (Italy)",Excluded — no locatable site identified (per existing research; only the related Turin/Consolata foundation from the same Arduino legend is independently confirmed — covered separately below),research_findings excluded eda2865b-d66d-4ac2-a9f6-247f820ca5d6,
1000-1099,1025 - Montserrat (Spain),"Untraceable (1025 is Montserrat Abbey's founding year, not an apparition date — no source documents a vision in that year or names a ""mother"" visionary; the site's actual, well-documented Marian legend is the shepherds' 880 CE discovery of the statue. MiracleHunter's entry appears to conflate the two. The Holy Cave site itself is real and legitimately Marian — marian-sites tag and a MiracleHunter link were added this pass on that basis — but crediting it for this specific 1025 claim is not supported)",https://orbisdei.org/site/es-collbato-holy-cave-of-montserrat,our-lady-of-montserrat
1000-1099,1026 - Champagne (France),"Excluded — no locatable site identified (per existing research; a dream-vision with no location tied to any building; her son St. Robert's later foundations at Molesme/Cîteaux are a separate, already-covered topic)",research_findings excluded 2fc2d400-63b4-4531-a85c-b6869738f2ba,ermengarde
1000-1099,1026 - Chartres (France),"Queued for approval (MiracleHunter source link added this pass — was missing; no dedicated MH subpage exists, category index page used)",research_findings candidate 5bd7e749-1cf4-4e7e-bc57-be8d604f1d6c,
1000-1099,"1038 - Valverde, Sicily (Italy)",Queued for approval (MiracleHunter source link added this pass — was missing),research_findings candidate e3a1e256-af5e-47e2-928d-196338cef836,
1000-1099,1041 - Nocera Superiore (Italy),Queued for approval (MiracleHunter source link added this pass — was missing),research_findings candidate c5097642-2a78-4aaa-a51a-7026f41abf9e,
1000-1099,1050 - Sopetrau (Spain),"Queued for approval (MiracleHunter source link added this pass — was missing; no dedicated MH subpage exists, category index page used)",research_findings candidate f1522e93-5376-4f28-a037-62890718cf0e,
1000-1099,1060 - Cluny (France),"Queued for approval (MiracleHunter source link added this pass — was missing; no dedicated MH subpage exists, category index page used)",research_findings candidate a742d480-fc9b-4249-b508-717c9f81a0fe,
1000-1099,1060 - Espain (France),"Queued for approval (matched to Abbey of Pontida, Italy — MiracleHunter's own text names the actual foundation as near Bergamo, so ""Espain, France"" appears to be a MiracleHunter place-name error; MiracleHunter link added this pass — was missing, no dedicated MH subpage exists, category index page used)",research_findings candidate 5283708e-dad0-45f3-b609-7885df2d735f,
1000-1099,1061 - Walsingham (England),Queued for approval (MiracleHunter source link added this pass — was missing),research_findings candidate c67bf98e-e298-4c17-a852-4f7cffd74ca7,
1000-1099,1064 - Palermo (Italy),Queued for approval (MiracleHunter source link added this pass — was missing),research_findings candidate d5755685-ab9e-4e5d-96b6-25008e93c340,
1000-1099,1070 - North Sea (England),"Excluded — no locatable site identified (per existing research; the apparition occurred at sea during a storm, categorically no fixed location)",research_findings excluded f3d6b2ee-0266-4a26-a49e-745cd751877d,
1000-1099,"February 12, 1080 - Conche (Italy)","Queued for approval (MiracleHunter source link added this pass — was missing; no dedicated MH subpage exists, category index page used)",research_findings candidate 8101f358-3e38-433b-98bb-d79f047c894d,
1000-1099,1081/1085 - Liege (Belgium),"Queued for approval (MiracleHunter source link added this pass — was missing; no dedicated MH subpage exists, category index page used)",research_findings candidate 596b2626-d9aa-419a-ac47-3f2160e59ae7,
1000-1099,"May 25, 1124 - Monte Vergine, Campania (Italy)","Queued for approval (MiracleHunter source link added this pass — was missing; no dedicated MH subpage exists, category index page used; note this entry's own date, 1124, falls outside this page's 1000-1099 range, but MiracleHunter lists it here, so it's included as listed)",research_findings candidate d7881a65-8d5b-4639-9f11-5b4bf4d1e3da,william-vercelli
1000-1099,1087 - Oudenburg (Belgium),"Queued for approval (MiracleHunter source link added this pass — was missing; no dedicated MH subpage exists, category index page used)",research_findings candidate 842d1a6f-2e90-4f44-b7ea-642785537523,
1000-1099,1091 - Fontgombault Abbey (France),"Queued for approval (MiracleHunter source link added this pass — was missing; no dedicated MH subpage exists, category index page used)",research_findings candidate 6868f2c7-d7d5-4d97-ad3f-d9e1c3a5b65b,
1000-1099,1091 - Rome (Italy),Excluded — no locatable site identified (per existing research; MiracleHunter's own entry for St. Bruno has no content beyond the bare visionary name),research_findings excluded 87fadfde-b022-47c3-bdcd-302dd208a590,
1000-1099,1095 - Arras (France),"Queued for approval (MiracleHunter source link added this pass — was missing; no dedicated MH subpage exists, category index page used)",research_findings candidate ecb02478-a390-4d7d-a730-c1e9027349e4,
1000-1099,1097 - Canterbury (England),"Queued for approval (MiracleHunter source link added this pass — was missing on both this and the 40-999 page's Canterbury claim, both fixed this pass; no dedicated MH subpage exists, category index pages used)",research_findings candidate 93a0b857-f755-492b-9a5c-9e8e1e3307c3,"dunstan-canterbury,anselm-canterbury,thomas-becket"
1000-1099,1099 - Los Llanos (Spain),"Queued for approval (MiracleHunter source link added this pass — was missing; no dedicated MH subpage exists, category index page used)",research_findings candidate f27a98d5-9f1c-42e9-b329-9cf3056b3478,
1000-1099,"(undated, ca. 1099) - Turin (Italy)","Queued for approval (MiracleHunter source link added this pass — was missing; no dedicated MH subpage exists, category index page used)",research_findings candidate 47928b40-6c04-4e5f-8e6f-1e21da0ca546,
1000-1099,1099 - Rome (Italy),Excluded — no locatable site identified (per existing research; MiracleHunter's own entry for Pope Pascual II has no content beyond the bare visionary name),research_findings excluded 8a99a7b7-2173-45c5-b7a3-cedddfe4c618,
1100-1199,1100 - Reguengo do Fetal (Portugal),Queued for approval (MiracleHunter source link added this pass — was missing; dedicated MH subpage used),research_findings candidate 999ea2f4-e217-4054-9351-d9dcc12b1bd4,
1100-1199,"1100 - St. Denis, Paris (France) - Abbot Ivo",Excluded — no locatable site identified (per existing research; MiracleHunter's own entry has no content beyond the visionary's bare name; MiracleHunter source link added this pass — was missing),research_findings excluded 52e59134-656f-41d9-8774-f87bef3f9ce3,
1100-1199,August 1101 - Citeaux (France),"Queued for approval (MiracleHunter source link added this pass — was missing; no dedicated MH subpage exists, category index page used)",research_findings candidate 24be1fbc-2335-458d-824b-2c9b1f92c44a,
1100-1199,1105 - Arras (France),"Queued for approval (same site/candidate as the 1095 Arras entry already logged on the 1000-1099 CSV — MiracleHunter records two separate apparition traditions at this church; MiracleHunter link already present from that pass, no change needed this pass)",research_findings candidate ecb02478-a390-4d7d-a730-c1e9027349e4,
1100-1199,ca. 1120 - Grotta di S. Michele (Italy) - St. John of Matera,"Approved, in sites (marian-sites tag and MiracleHunter source link were both missing on this published, already well-documented site — added live this pass; the claim's apparition site matches the credited shrine itself, though the abbey John founded as a result was built elsewhere near the Gulf of Manfredonia — a nuance, not a Fulda-pattern mismatch)",https://orbisdei.org/site/it-monte-santangelo-sanctuary-of-st-michael-the-archangel,"michael-archangel, michael-line, michaelites"
1100-1199,"(undated) - Saint-Crespin, Hainaut (Belgium) - St. Aibert","Excluded — no locatable site identified (per existing research; the ""Saint-Crespin"" monastery in Hainaut could not be confidently distinguished from similarly-named sites; MiracleHunter source link added this pass — was missing)",research_findings excluded 84076172-c2e9-4451-83c0-162df6bb7101,aibert-crespin
1100-1199,"May 25, 1124 - Monte Virgine (Italy)","Queued for approval (same entry already logged on the 1000-1099 CSV, where MiracleHunter also lists it despite the 1124 date falling in this page's range; this page has a dedicated MH subpage, so the link was upgraded this pass from the 1000-1099 category-index ""Search"" link to the direct subpage link)",research_findings candidate d7881a65-8d5b-4639-9f11-5b4bf4d1e3da,william-vercelli
1100-1199,1134 - Egypt - Our Lady of Liesse (Ismenia),"Queued for approval (MiracleHunter source link added this pass — was missing; no dedicated MH subpage exists, category index page used; note MiracleHunter lists this under ""Egypt"" but the shrine is Liesse-Notre-Dame, France — the captivity occurred in Egypt, the miracle and shrine are French)",research_findings candidate 8f634b6c-b91e-49e4-9b12-85d9d23422e5,
1100-1199,1134 - Antwerp (Belgium) - Baet Soetkens,"Queued for approval (matched to the Church of Our Lady of the Sablon, Brussels — MiracleHunter's entry says ""Antwerp"" but the Soetkens legend is documented as culminating at Brussels' Sablon church, per existing research; MiracleHunter source link added this pass — was missing)",research_findings candidate 78f0c44d-50a6-46e0-ad4d-808ff5795b9e,
1100-1199,1138 - London (England) - St. Thomas a Becket,"Excluded — no locatable site identified (per existing research; only ""London"" generally is named, during Becket's youth; MiracleHunter source link added this pass — was missing)",research_findings excluded 8194b113-3bfb-47ba-9159-b19b4d004d75,
1100-1199,1138 - London (England) - St. Hildegard von Bingen,"Excluded — no locatable site identified (per existing research; MiracleHunter's stated location ""London"" is a clear error — Hildegard's visions occurred in the Rhineland; MiracleHunter source link added this pass — was missing)",research_findings excluded 63c883e2-9324-4ecd-a982-5698d04aa6b8,
1100-1199,1144 - Polsi di San Luca (Italy),"Queued for approval (MiracleHunter source link added this pass — was missing; no dedicated MH subpage exists, category index page used)",research_findings candidate d7c82e49-0cbb-4ca5-9b2e-130c3e23b404,
1100-1199,"c. March 24, 1150 - Crespano del Grappa, Borbiago (Italy)",Queued for approval (MiracleHunter source link added this pass — was missing; dedicated MH subpage used),research_findings candidate 1b97a84c-36de-45db-bdeb-120b7e3fac2d,
1100-1199,"1150 - Joreval, Yorkshire (England) - Abbot John Kingston of Byland","Queued for approval (matched to Jervaulx Abbey — ""Joreval"" is an old form of Jervaulx; MiracleHunter source link added this pass — was missing; no dedicated MH subpage exists, category index page used)",research_findings candidate eb68961f-4d21-473b-9c6c-b80079ae0428,
1100-1199,c. 1150 - Marsanne (France),"Queued for approval (MiracleHunter source link added this pass — was missing; no dedicated MH subpage exists, category index page used)",research_findings candidate ebe01ba9-aabd-46ab-80db-207a9af9f3c4,
1100-1199,"1150 - Noiretal, diocese of Leon (France) - an assassin","Excluded — no locatable site identified (per existing research; combined with the separate ""Noiretable"" entry below as plausibly the same mistranscribed legend — neither names a verifiable site; MiracleHunter source link added this pass — was missing)",research_findings excluded 55a0b91f-c034-4a20-bb73-a040bbc59279,
1100-1199,"1152 - Schönau, Nassau - St. Elizabeth of Schönau","Queued for approval (matched to the Church of St. Florin, Schönau; MiracleHunter source link added this pass — was missing; no dedicated MH subpage exists, category index page used)",research_findings candidate e4f061d9-b16d-4235-ba5c-cee03061a34f,elizabeth-schonau
1100-1199,1153 - Fontaine (England) - St. Bernard of Clairvaux,"Queued for approval (matched to Abbey of Clairvaux — MiracleHunter's ""Fontaine (England)"" appears to be a place-name garble, since Bernard was never in England; MiracleHunter source link added this pass — was missing; no dedicated MH subpage exists, category index page used; this DB row is shared with two other entries on this page — see the Cistercian monks/women and Peter Monoculus rows below)",research_findings candidate 8b48b5ed-67c6-4466-af21-d97aed421d6c,"bernard-clairvaux, peter-monoculus"
1100-1199,1157 - Mariazell (Austria),"Queued for approval (MiracleHunter source link added this pass — was missing; no dedicated MH subpage exists on this page, category index page used; MiracleHunter itself cross-references its own 1371 Mariazell entry on the 1300-1399 page)",research_findings candidate 6f57b68c-ea04-4cca-bb86-9618a0f4b16c,
1100-1199,c.1160 - Hildesheim (Germany) - Blessed Eskil,"Excluded — no locatable site identified (per existing research; no specific building named, only ""Hildesheim"" generally during Eskil's student years; MiracleHunter source link added this pass — was missing)",research_findings excluded af0ffa8c-d487-4fad-a454-40e5815b12a6,eskil
1100-1199,1160 - Mazières (France) - St. Hugh,"Excluded — no locatable site identified (per existing research; ""Mazières"" is a documented chronicler error for St. Hugh of Bonnevaux, whose actual monasteries [Bonnevaux, Léoncel] are queued as separate corrected leads; MiracleHunter source link added this pass — was missing)",research_findings excluded 66114006-e464-4af5-a382-55063396dde3,hugh-cistercian
1100-1199,"(undated) - Albi, Tarn (France)",Queued for approval (MiracleHunter source link added this pass — was missing; dedicated MH subpage used),research_findings candidate 684736b8-fe65-405e-b5b8-3053d3c88507,
1100-1199,(undated) - Cremona (Lombardy),"Excluded — no locatable site identified (per existing research; only ""the area of Cremona"" is given, no building named; MiracleHunter source link added this pass — was missing)",research_findings excluded e27a39a5-8df6-46a9-9831-04bd23b61d21,
1100-1199,(undated) - Leon (France) - St. Norberto,"Queued for approval (matched to the Abbey of Prémontré, the foundation Norbert built following the vision, per existing research — MiracleHunter's ""Leon"" does not correspond to a documented site; MiracleHunter source link added this pass — was missing; no dedicated MH subpage exists, category index page used)",research_findings candidate cbf231db-4a1f-41d0-86b0-2cc22be4bf88,norbert-xanten
1100-1199,(undated) - Noiretable (France) - a murderer,"Excluded — no locatable site identified (per existing research; combined with the ""Noiretal"" entry above as plausibly the same mistranscribed legend; shares the same underlying record)",research_findings excluded 55a0b91f-c034-4a20-bb73-a040bbc59279,
1100-1199,"(undated) - Clairvaux (France) - Cistercian monks, women",Queued for approval (matched to Abbey of Clairvaux — same site record as the Bernard of Clairvaux and Peter Monoculus entries on this page; MiracleHunter link already present on the shared record from this pass),research_findings candidate 8b48b5ed-67c6-4466-af21-d97aed421d6c,"bernard-clairvaux, peter-monoculus"
1100-1199,(undated) - Melrose (Scotland),"Queued for approval (MiracleHunter source link added this pass — was missing; no dedicated MH subpage exists, category index page used)",research_findings candidate 3d0cc9f2-dc93-4fe2-9308-4f0820e5a03a,
1100-1199,1170 - Durham (England) - St. Godric,"Queued for approval (matched to Finchale Priory, St. Godric's hermitage near Durham; MiracleHunter source link added this pass — was missing; no dedicated MH subpage exists, category index page used)",research_findings candidate 04597816-aef1-4bc4-a7b4-7180f0f94b08,godric-finchale
1100-1199,"1178 - Tortosa, Tarragona (Spain)","Queued for approval (MiracleHunter source link added this pass — was missing; no dedicated MH subpage exists, category index page used)",research_findings candidate 76f13531-65db-444e-931a-7e805b35d7e2,
1100-1199,(undated) - Clairvaux (France) - Bl. Peter Monoculus,Queued for approval (matched to Abbey of Clairvaux — same site record shared with the Bernard of Clairvaux and Cistercian monks/women entries above; MiracleHunter link already present on the shared record from this pass),research_findings candidate 8b48b5ed-67c6-4466-af21-d97aed421d6c,"bernard-clairvaux, peter-monoculus"
1100-1199,1182 - Le Puy (France),"Approved, in sites",https://orbisdei.org/site/fr-le-puy-en-velay-cathedral-of-our-lady-of-puy,camino
1100-1199,1190 - Cologne and Steinfeld (Germany) - St. Joseph Herman,Queued for approval (MiracleHunter source link added this pass — was missing; dedicated MH subpage used),research_findings candidate e2b39b6e-befd-42a7-aa28-2c5e3fb086bb,hermann-joseph
1100-1199,"April 17, 1198 - Potschiaw (Ukraine)","Queued for approval (matched to Pochaiv Lavra — ""Potschiaw"" is an older transliteration of Pochaiv; MiracleHunter source link added this pass — was missing; no dedicated MH subpage exists, category index page used)",research_findings candidate 151b4c13-f44c-48a5-ba6a-5363e9f073e9,
1100-1199,(undated) - Cluny (France) - priest,"Queued for approval (same site/candidate as the 1060 Cluny entry already logged on the 1000-1099 CSV — MiracleHunter records two separate apparition traditions at this abbey; MiracleHunter link already present from that pass, no change needed this pass)",research_findings candidate a742d480-fc9b-4249-b508-717c9f81a0fe,
1200-1299,"ca. 1200 - Osimo, Marche (Italy)","Queued for approval (MiracleHunter's own ""More on this apparition"" link for this entry actually points to the Castiglion Fiorentino subpage, not a dedicated Osimo page -- used the category index instead this pass; MiracleHunter source link added)",research_findings candidate 23e23b0a-1c93-45de-90ba-1fe8d4539fc5,sylvester-guzzolini
1200-1299,"ca. 1200 - Cornuda, Treviso (Italy)",Queued for approval (MiracleHunter source link added this pass -- was missing),research_findings candidate 1c9e672d-91cb-4475-946b-65fc8a0d8777,
1200-1299,ca. 1200 - Loccum (Germany),Queued for approval (MiracleHunter source link added this pass),research_findings candidate 9ef85c42-7f3b-44d9-a3e6-6039523086d3,adam-loccum
1200-1299,"1200 - Castiglion Fiorentino, Tuscany, Diocese of Arezzo (Italy)",Queued for approval,research_findings candidate 226d7f50-f990-4b7b-82c6-efa434d353a7,
1200-1299,"1200 - Heisterbach (Germany) [Visionary: Henry, future abbot]","Queued for approval (MiracleHunter source link added this pass; this record also covers the undated Cistercian-Monks Heisterbach entry later on this page -- same physical site, second apparition tradition)",research_findings candidate 47ea944f-43f5-4570-8ba1-3c455217bc17,
1200-1299,1205 - Sint-Truiden (Belgium) [Visionary: St. Lutgard of Tongres],"Queued for approval (matched to Aywieres Abbey, where Lutgard's apparitions continued and are best documented from 1206 on, rather than the St. Catherine convent named for 1205; MiracleHunter source link added this pass)",research_findings candidate 30c7cfb1-e464-40c1-b134-310edb010230,lutgardis-tongeren
1200-1299,"1208 - Prouille, Toulouse (France) [Visionary: St. Dominic Guzman]",Queued for approval (MiracleHunter source link added this pass),research_findings candidate 50a8dcef-69ab-4728-8cc6-f1c4fb3cebc2,dominic-guzman
1200-1299,"May 26, 1208 - Sorso, Sassari (Italy)",Queued for approval,research_findings candidate c8d70f7e-94ce-4b3f-b08f-1bd9f4b683e8,
1200-1299,1214 - Clairefontane (Luxembourg) [Visionary: Princess Ermesinde],Queued for approval (MiracleHunter source link added this pass),research_findings candidate a7a99c69-bf4e-4128-a282-a78e96e53518,
1200-1299,"1216 - Assisi, Umbria (Italy) [Visionary: St. Francis of Assisi / Porziuncola]",Queued for approval (MiracleHunter source link added this pass),research_findings candidate 78a6f4b9-f949-4cc3-9c5f-95fef0115902,francis-assisi
1200-1299,"undated (between the 1216 Assisi and 1218 Barcelona entries) - Villers (Belgium) [Visionary: a lay brother, leprosy]","Queued for approval (MiracleHunter source link added this pass; this record also covers the undated Gottardo/Villers entry later on this page -- same physical site, second apparition tradition)",research_findings candidate b09664e0-00cd-4796-b2cc-c4183cc96450,
1200-1299,undated (between the 1216 Assisi and 1218 Barcelona entries) - Paris (France) [Visionary: Bl. Boniface],Not previously ingested -- written as new lead this pass,research_findings lead 3a0170c3-3029-4801-8828-f33f5adecb55,
1200-1299,"Aug 1-2, 1218 - Barcelona (Spain) [Visionary: Saint Peter Nolasco]",Queued for approval,research_findings candidate d5f20496-b64e-4cf7-bb90-6ed45c1606af,peter-nolasco
1200-1299,"undated (ca. 1218, same block as Barcelona) - Rome (Italy) [Visionary: Deacon Reginald of Orleans]",Excluded -- no locatable site identified (MiracleHunter source link added this pass),research_findings excluded e13c9860-5359-4934-b974-2e0bc77013a6,
1200-1299,"undated (ca. 1218, same block as Barcelona) - Trier (Germany) [Visionary: a priest]",Excluded -- no locatable site identified (MiracleHunter source link added this pass),research_findings excluded f1b2fe2a-e61a-40b8-bb63-816975f28de2,
1200-1299,"undated (ca. 1218, same block as Barcelona) - Lowen/Leuven (Belgium) [Visionary: Rachel, a Jewish girl]",Excluded -- no locatable site identified (MiracleHunter source link added this pass),research_findings excluded ac0f6425-8018-46ef-be57-80b0938f939c,
1200-1299,1220 - Morocco [Visionary: St. Accursio],"Untraceable (Fulda-pattern: matched candidate is the Royal Monastery of Santa Cruz, Coimbra -- a real, well-documented site housing the relics of the Martyrs of Morocco -- but MiracleHunter's own entry places this specific apparition in Morocco itself, shortly before Accursio's death, and calls the source ""unverifiable""; no structure survives in Morocco from this era. marian-sites tag removed this pass, MiracleHunter source link added)",research_findings excluded 8b2d48da-1cfc-4bf4-b284-d984770a0812,martyrs-of-morocco
1200-1299,1221 - Padua/Venice (Italy) [Visionary: St. Anthony of Padua],"Queued for approval (matched to the Hermitage of Montepaolo near Forli, per MiracleHunter's own narrative, not to Padua itself; MiracleHunter source link added this pass)",research_findings candidate 66c00a35-e551-44b9-b5fb-752c390be5ea,anthony-padua
1200-1299,1222 - Bologna (Italy) [Visionary: Blessed Jordan of Saxony],Queued for approval (marian-sites tag and MiracleHunter source link both added this pass -- were missing),research_findings candidate ccafeb43-5bf8-4954-b46e-0e7a362d2964,"dominic-guzman, jordan-of-saxony"
1200-1299,"undated (ca. 1222, same block as Bologna) - Bonn (Germany) [Visionary: a woman in prison]",Excluded -- no locatable site identified (MiracleHunter source link added this pass),research_findings excluded 7841ea31-91fa-417b-b093-b42596f9b0e8,
1200-1299,"May 9, 1225 - Banos de la Encina, Jaen, Andalucia (Spain)",Queued for approval (MiracleHunter source link added this pass),research_findings candidate cd71d698-b4b3-4f62-a6f2-885598b83f0c,
1200-1299,1225 - Cologne (Germany) [Visionary: St. Albert the Great],Queued for approval (marian-sites tag and MiracleHunter source link both added this pass -- were missing),research_findings candidate 11fdcca9-3871-494c-9b45-27c980035194,albertus-magnus
1200-1299,"undated (ca. 1225, same block as Cologne) - Rome (Italy) [Visionary: Pope Honorius III]",Excluded -- no locatable site identified (MiracleHunter source link added this pass),research_findings excluded e0aa55f1-845e-47b4-b7b9-30150ca30770,
1200-1299,1226 - Wartburg (Germany) [Visionary: St. Elizabeth of Thuringia],Queued for approval (MiracleHunter source link added this pass),research_findings candidate e986c192-9981-479d-a6a2-f6bd98bc862a,elizabeth-thuringia
1200-1299,c. 1230 - Apulia (Italy) [Visionary: Saint Peter Celestine],Queued for approval (matched to the Hermitage of St. Onuphrius at Morrone near Sulmona -- Celestine's documented mountain hermitage; marian-sites tag and MiracleHunter source link both added this pass -- were missing),research_findings candidate 1886d162-e7a2-4232-bba6-0d24facb63aa,peter-celestine
1200-1299,"undated (ca. 1230, same block as Apulia) - Padua/Venice (Italy) [Visionary: Blessed Helen of Padua]",Excluded -- no locatable site identified (MiracleHunter source link added this pass),research_findings excluded 4584c41b-0d6f-4dcc-8736-19058fecac6f,
1200-1299,"undated (ca. 1230, same block as Apulia) - Villers (Belgium) [Visionary: Gottardo, a Cistercian Monk]","Queued for approval (second apparition tradition at the same Villers Abbey site logged earlier on this page -- see the lay-brother entry above; same candidate row, no new work needed)",research_findings candidate b09664e0-00cd-4796-b2cc-c4183cc96450,
1200-1299,"undated (ca. 1230, same block as Apulia) - Kiev (Ukraine) [Visionary: St. Hyacinth of Poland]","Excluded -- no locatable site identified (medieval Kyiv, including any structure Hyacinth used, was destroyed in the 1240 Mongol sack; MiracleHunter source link added this pass)",research_findings excluded fb60b7b5-819a-4f31-a64f-db563b493c9c,hyacinth-poland
1200-1299,"Aug 15, 1233 - Florence (Italy) [Visionaries: the Seven Founders of the Servite Order]",Queued for approval (MiracleHunter source link added this pass),research_findings candidate e473e205-6d88-49e2-ba1d-e4308a11f5f7,servite-seven-founders
1200-1299,"undated (ca. 1233, same block as Florence) - Agde (France) [Visionary: Laodato Monaco]",Excluded -- no locatable site identified (MiracleHunter source link added this pass),research_findings excluded c29b1be9-0278-4f4a-8de2-1352bbae0c83,
1200-1299,"undated (ca. 1233, same block as Florence) - Monte Fano, Marche (Italy) [Visionary: Abbot San Silvestre Gozzelino]","Queued for approval (second apparition tradition tied to the same St. Silvester Guzzolini as the ca.1200 Osimo entry above, but a distinct physical site -- Abbey of Monte Fano, Fabriano -- kept as its own record; MiracleHunter source link added this pass)",research_findings candidate 60d6f396-fa9e-42f4-a606-ea7cb7e60a3f,sylvester-guzzolini
1200-1299,"undated (ca. 1233, same block as Florence) - Wranau, Moravia [Visionary: Wilhelm Rosenberg]",Queued for approval (MiracleHunter source link added this pass),research_findings candidate 68a1b147-7ce7-4b9c-bc41-d527fdd77c28,
1200-1299,"1241 - Hostyn, Moravia/Czech Republic",Queued for approval (MiracleHunter source link added this pass),research_findings candidate 94926490-caf0-4a6e-b597-7241e449033d,
1200-1299,"1246 - Viterbo, Lazio (Italy) [Visionary: St. Rose of Viterbo]",Queued for approval (MiracleHunter source link added this pass),research_findings candidate 883c4e25-dfa9-4072-b157-0ed9c8d30e51,rose-viterbo
1200-1299,c. 1250 - Swieta Lipka (Poland) [Visionary: a prisoner],"Approved, in sites (MiracleHunter link_type/comment standardized this pass to match the established 'MiracleHunter' + Search-comment format)",https://orbisdei.org/site/pl-swieta-lipka-swieta-lipka-sanctuary,
1200-1299,1250 - Helfta (Germany) [Visionary: St. Matilda of Hackeborn],"Queued for approval (MiracleHunter source link added this pass; this record also covers the undated St. Gertrude/Helfta entry later on this page -- same physical site, second visionary)",research_findings candidate 620e79d4-f33b-4478-bc0e-58a9f0520ff6,"matilda-hackeborn, gertrude-great"
1200-1299,"c. 1250 - Somma Lombardo (Italy) [Visionary: a deaf-mute shepherdess, Our Lady of the Acorn]",Queued for approval (MiracleHunter source link added this pass),research_findings candidate 47b13c26-59af-4f82-a9dd-5346ac212aef,
1200-1299,c. 1250 - Albendorf (Poland) [Visionary: a knight],Queued for approval (Albendorf is the historical German name for Wambierzyce; MiracleHunter source link added this pass),research_findings candidate 090b6e2c-090d-4c10-ab2e-eaa8a4581d07,
1200-1299,"1250 - Lucca, Tuscany (Italy) [Visionary: St. Zita]",Queued for approval (MiracleHunter source link added this pass),research_findings candidate 59ea83ed-e22b-4f14-a70f-6b5f0edd40ff,zita-lucca
1200-1299,"July 16, 1251 - Aylesford (England) [Visionary: St. Simon Stock]",Queued for approval,research_findings candidate 57220ce6-89e4-43df-908c-eb58bae809ec,simon-stock
1200-1299,"undated (ca. 1251, same block as Aylesford) - Siena, Tuscany (Italy) [Visionary: St. Aldobrandesca of Siena]",Excluded -- no locatable site identified (MiracleHunter source link added this pass),research_findings excluded a9c7c8dc-9162-4f55-ae3e-9b9f0e3eb8b0,aldobrandesca-siena
1200-1299,"undated (ca. 1251, same block as Aylesford) - Florence (Italy) [Visionary: St. Philip Benizi]","Excluded -- no locatable site identified (his real tie to the Servite motherhouse, Santissima Annunziata, is not tied to this specific apparition claim, which names no location; MiracleHunter source link added this pass)",research_findings excluded f9e1477c-0248-4c32-ace2-95ea31adeb31,philip-benizi
1200-1299,"undated (ca. 1251, same block as Aylesford) - Heisterbach (Germany) [Visionaries: Cistercian Monks]","Queued for approval (second apparition tradition at the same Heisterbach Abbey site logged earlier on this page -- see the 1200 Henry entry above; same candidate row, no new work needed)",research_findings candidate 47ea944f-43f5-4570-8ba1-3c455217bc17,
1200-1299,"undated (ca. 1251, same block as Aylesford) - Margaret Island, Budapest (Hungary) [Visionary: Saint Margaret of Hungary]",Queued for approval (MiracleHunter source link added this pass),research_findings candidate 0aabb6a2-8682-40d0-8b04-12d49ffa6521,margaret-hungary
1200-1299,"undated (ca. 1251, same block as Aylesford) - Tortosa (Spain) [Visionary: a priest, belt relic]","Queued for approval (same Santa Cinta / Holy Sash legend already logged as a candidate on the 1100-1199 era-page CSV, dated there 1178 with a carpenter as visionary; this 1200s account is a garbled retelling of the same tradition, not a distinct site -- marked duplicate in the DB and pointed at the surviving 1100-1199 record)",research_findings candidate 76f13531-65db-444e-931a-7e805b35d7e2,
1200-1299,"undated (ca. 1251, same block as Aylesford) - Siena, Tuscany (Italy) [Visionary: Blessed John Piccolomini]",Excluded -- no locatable site identified (MiracleHunter source link added this pass),research_findings excluded 069fb868-80a5-4c5d-83fc-d9269edb4261,john-piccolomini
1200-1299,"undated (ca. 1251, same block as Aylesford) - Helft/Helfta (Germany) [Visionary: St. Gertrude]","Queued for approval (second visionary at the same Kloster Helfta site logged earlier on this page -- see the 1250 Matilda of Hackeborn entry above; same candidate row, already tagged for both visionaries)",research_findings candidate 620e79d4-f33b-4478-bc0e-58a9f0520ff6,"matilda-hackeborn, gertrude-great"
1200-1299,"1268 - Avezzano (Italy) [Visionary: a deaf-mute shepherd, Our Lady of Pietraquaria]",Queued for approval (MiracleHunter source link added this pass),research_findings candidate 4da8fe20-2e0f-4cb9-8662-669cbf6e3a3a,
1200-1299,"Aug 8, 1282 - Messina (Italy) [Visionaries: Nicholas, a friar, & soldiers; Our Lady of Montalto / The White Lady]","Queued for approval (MiracleHunter source link added this pass; this record also covers the June 12, 1294 Messina entry later on this page -- same sanctuary/title, second recorded apparition date)",research_findings candidate 2d619e58-286e-4f75-9070-542f04c5202a,
1200-1299,"1283 - Forli, Emilia Romagna (Italy) [Visionary: St Pellegrino Laziosi]",Queued for approval (MiracleHunter source link added this pass),research_findings candidate 8427e86b-02c2-4868-92c3-69c83579b860,pellegrino-laziosi
1200-1299,"1285 - Tolentino, Marche (Italy) [Visionary: St. Nicholas of Tolentino]",Queued for approval (MiracleHunter source link added this pass),research_findings candidate 9d651bbf-bc1c-43cd-b3c8-13ada6aaaeb6,nicholas-tolentino
1200-1299,1290 - Foligno (Italy) [Visionary: Blessed Angela of Foligno],Queued for approval (MiracleHunter source link added this pass),research_findings candidate 47d292a5-ed75-4abf-91de-de9e8d7c51da,angela-foligno
1200-1299,"undated (ca. 1290, same block as Foligno) - Muhllacken (Austria) [Visionary: Bruno Knappen]",Queued for approval (MiracleHunter source link added this pass),research_findings candidate 4dbc303b-bc76-40e3-944c-f265e1d746b4,
1200-1299,"c. 1291 - Pentone (Italy) [Visionary: Maria Madia, Madonna di Termine]","Queued for approval (MiracleHunter source link added this pass, in addition to the external parrocchiapentone.it source already present)",research_findings candidate d7d41011-a242-4236-9a9e-a8847ea34e19,
1200-1299,"June 12, 1294 - Messina (Italy) [Visionary: Nicholas, a friar]","Queued for approval (second recorded apparition date at the same Sanctuary of Montalto logged earlier on this page -- see the Aug 8, 1282 entry above; same candidate row, no new work needed)",research_findings candidate 2d619e58-286e-4f75-9070-542f04c5202a,
1300-1399,ca. 1300 - Russia [Visionary: St. Abraham de Gorodetsk],"Excluded -- no locatable site identified (no specific hermitage or location named beyond ""a desert place"" in Russia; MiracleHunter source link added this pass)",research_findings excluded e68073c4-1b84-417a-a4fc-f87dc7674fd6,abraham-gorodetsk
1300-1399,"September 7, 1300 - Roverano (Italy)",Queued for approval (MiracleHunter source link added this pass),research_findings candidate a39ff810-aa83-47e7-814c-4ea049a90d1f,
1300-1399,"1301 - Laurignano (Italy) [Visionary: Simone Adami, a blind beggar]",Queued for approval (MiracleHunter source link added this pass),research_findings candidate 8380bdee-16a3-423e-a9bd-5520cb0f4595,
1300-1399,"1306 - Proceno, Lazio (Italy) [Visionary: St. Agnes of Montepulciano]",Queued for approval (MiracleHunter source link added this pass),research_findings candidate 5b624931-d929-46e2-8112-6ed66df22e17,agnes-montepulciano
1300-1399,"1306 - Sant'Agata Feltria, Rimini, Emilia-Romagna (Italy) [Madonna del Soccorso]",Queued for approval (MiracleHunter source link added this pass),research_findings candidate a7c9a8d6-dd69-4703-b3cd-b8e93a87d6d1,
1300-1399,"1308 - Spoleto, Umbria (Italy) [Visionary: St. Clare of Montefalco]",Queued for approval (matched to the Sanctuary of St. Clare of Montefalco -- her actual convent/order name-place -- rather than Spoleto; MiracleHunter source link added this pass),research_findings candidate 9163bc23-670f-41fa-8d24-f1c291dd3671,clare-montefalco
1300-1399,"1308 - Finstad, Uppsala/Vadstena (Sweden) [Visionary: St. Bridget of Sweden]","Queued for approval (matched to Vadstena Abbey, the Brigidine motherhouse she founded; MiracleHunter source link added this pass)",research_findings candidate bc337cd1-c6a9-4fc3-9985-ffa0ab1f1991,bridget-sweden
1300-1399,"April 28, 1310 - Bergamo (Italy) [Visionary: a peasant, Madonna del Castagno]","Queued for approval (matched to a real, named candidate -- Sanctuary of the Madonna del Castagno, Bergamo -- found under a different run_region (a later-era pass, since MiracleHunter apparently lists a second apparition tradition at the same site); a stale duplicate exclusion under this page's own run_region was cleaned up and pointed here. MiracleHunter source link added this pass)",research_findings candidate 28b9eae2-6e95-4900-b762-416c62954d47,
1300-1399,"1310 - Florence (Italy) [Visionary: St. Alexis Falconieri, Servite]","Queued for approval (matched to the Sanctuary of Monte Senario, the Servite mountain retreat referenced in his biography, distinct from the Basilica of the Santissima Annunziata already logged for the 1233 founding apparition on the 1200-1299 era-page CSV; MiracleHunter source link added this pass)",research_findings candidate e9ef2181-e6d1-4774-a132-bbf3cdc1f7f1,servite-seven-founders
1300-1399,"1311 - Florence (Italy) [Visionary: Blessed Jordan of Pisa, refectory vision]","Excluded -- no locatable site identified (no convent is named beyond ""the fathers' refectory""; likely Santa Maria Novella but unconfirmed from MiracleHunter's text, so not assigned; MiracleHunter source link added this pass)",research_findings excluded 7a5683d2-195f-4a43-8d03-140549f57b27,
1300-1399,undated (same block as 1311 Florence) - Avignone/Avignon (France) [Visionary: Peter Favier],Excluded -- no locatable site identified (no specific building named for this deathbed vision; MiracleHunter source link added this pass),research_findings excluded 1863a628-49cc-4bc2-8d03-abde9c4ccb93,
1300-1399,"1316 - Avignon (France) [Visionary: James d'Euse / Pope John XXII, Sabbatine privilege]",Excluded -- no locatable site identified (historically significant tradition but no specific Avignon site named for the vision itself; MiracleHunter source link added this pass),research_findings excluded 5e8a5b1c-a691-4340-bb40-db2aa1513a05,
1300-1399,1322 - Constance (Germany) [Visionary: Bl. Henry Suso],"Excluded -- no locatable site identified (Suso's documented life centers on Cologne and Ulm, not Constance; his Ulm tomb was destroyed by 16th-century iconoclasts and never recovered, leaving no standing site tied to him today; MiracleHunter source link added this pass)",research_findings excluded b75178cf-54d1-4897-a36d-2906d09cb0ac,henry-suso
1300-1399,1325 - Montserrat (Spain) [Visionary: a mother],"Approved, in sites (distinct captive-ransom miracle tradition dated 1325, not a repeat of the 1025/founding-date conflation flagged Untraceable on the 1000-1099 era-page CSV; MiracleHunter source link added to the published site this pass -- was missing entirely)",https://orbisdei.org/site/es-collbato-holy-cave-of-montserrat,our-lady-of-montserrat
1300-1399,1326 - Asti (Italy) [Visionary: Bishop Guido],"Excluded -- no locatable site identified (MiracleHunter's own dedicated subpage, reached via its ""More about this apparition"" link, reveals this is the same Belmonte/King Arduino tradition already researched from the 1000-1099 era-page CSV -- Belmonte itself was not independently confirmable there as a distinct standing site, only the Turin/Sanctuary of the Consolata component was. Exclusion reason corrected and the genuine dedicated MiracleHunter link added this pass -- the previous reason cited only garbled summary-table text and had not consulted the dedicated subpage)",research_findings excluded 3c5d23e3-ab4d-4d73-ad1b-f08a2ded9bc2,
1300-1399,"1326 - Caceres (Spain) [Visionary: Gil Cordero, Our Lady of Guadalupe]",Queued for approval (genuine dedicated MiracleHunter subpage link added this pass -- was missing),research_findings candidate 77f430c8-f2d5-4c6a-bd2d-1816dc5759f7,
1300-1399,"1326 - Moscow (Russia) [Visionary: Saint Peter, Metropolitan of Moscow]","Queued for approval (matched to the Dormition Cathedral, Moscow Kremlin; MiracleHunter source link added this pass)",research_findings candidate 76222c89-8a7e-47fc-81c3-ce2427ba2c1e,peter-metropolitan-moscow
1300-1399,1328 - Fiesole and Florence (Italy) [Visionary: St. Andrew Corsini],Queued for approval (genuine dedicated MiracleHunter subpage link added this pass -- was missing),research_findings candidate 9099cd1e-d546-48c0-9759-3bebb34d3484,andrew-corsini
1300-1399,undated (same block as 1328 Corsini) - Bergerac (France) [Visionary: St. Peter Thomasius],"Excluded -- no locatable site identified (only that he ""entered the Carmel at Bergerac"" in 1325 is given; the apparitions themselves are described without location; MiracleHunter source link added this pass -- the page's stray Corsini/Fiesole link does not belong to this entry)",research_findings excluded d16c66a7-9497-4f79-acfa-3f2f329895ce,peter-thomas
1300-1399,1336 - Estremoz (Portugal) [Visionary: St. Elizabeth of Portugal],"Queued for approval (matched to the Convent of Santa Clara-a-Velha, Coimbra, where she retired; MiracleHunter source link added this pass -- the page's stray Corsini/Fiesole link does not belong to this entry)",research_findings candidate 281a95e7-e461-4145-b1b5-d066212a84b5,elizabeth-portugal
1300-1399,"undated (same block as 1336 Estremoz) - Pistoia, Tuscany (Italy) [Visionary: a sick girl]","Excluded -- no locatable site identified (no name given for the chapel built in 1348 beyond ""Pistoia"" generally; MiracleHunter source link added this pass)",research_findings excluded 1eee0fa2-2615-4c29-8adf-42868423427e,
1300-1399,"December 29, 1336 - Bra (Italy) [Visionary: Egidia Mathis, Madonna dei Fiori]",Queued for approval (MiracleHunter source link added this pass),research_findings candidate 2f747b8d-3f8f-4ac8-baf6-0eeee55a160a,
1300-1399,1338 - Paris (France) [Visionaries: a monastic Franciscan community],"Excluded -- no locatable site identified (no specific monastery named beyond ""a church of a Franciscan monastery"" in Paris; MiracleHunter source link added this pass)",research_findings excluded 2d98374e-8d7d-4071-af1e-8de10fdca9ad,
1300-1399,"1340 - Pochaiv, Ukraine (Russia) [Visionary: St. Sergius]","Queued for approval (MiracleHunter's own narrative describes St. Sergius of Radonezh, whose documented monastery is the Holy Trinity-St. Sergius Lavra near Moscow, not Pochaiv itself, which the page heading names but the text never actually describes; MiracleHunter source link added this pass)",research_findings candidate b7fbe303-2eac-4c70-8896-8c1696316240,sergius-radonezh
1300-1399,1340 - Tournai (Belgium) [Visionaries: the townspeople],Queued for approval (MiracleHunter source link added this pass),research_findings candidate 28951b34-08c3-486c-a763-42d0543fa5ce,
1300-1399,1344 - Cairo (Egypt) [Visionary: Blessed Livini],Excluded -- no locatable site identified (no specific church named in Cairo for these apparitions; MiracleHunter source link added this pass -- the page's stray Corsini/Fiesole link does not belong to this entry),research_findings excluded 90693efd-9bff-40a1-afae-42d819c0d89b,
1300-1399,"May 15, 1345 - Montenero-Leghorn (Levora) (Italy) [Visionary: a crippled shepherd boy]",Queued for approval (MiracleHunter source link added this pass),research_findings candidate bf592e07-0f06-4294-a5d1-667cbbe381d2,
1300-1399,"May 15, 1345 - Siena/Bibbiena (Italy) [Visionary: St. Catherine of Siena, Madonna of the Stone and Darkness]","Queued for approval (matched to the Basilica of San Domenico, Siena, Cappella delle Volte, site of her documented mystical-marriage vision; MiracleHunter source link added this pass -- the page's stray Corsini/Fiesole link does not belong to this entry)",research_findings candidate 8ec04625-d40e-4ec9-9b6c-b90fc2684a8d,catherine-siena
1300-1399,"April 8, 1356 - Basella, Lombardy, Diocese of Bergamo (Italy) [Visionary: Marina Cassone, Madonna of the Olive]",Queued for approval (MiracleHunter source link added this pass),research_findings candidate 99f400c1-e593-42cd-b25a-d591ee551781,
1300-1399,"1359 - Naples (Italy) [Visionary: Charles, Count of Verona, Liberator of Prisoners]","Queued for approval (matched to the Basilica of Santa Maria del Carmine Maggiore, Naples; MiracleHunter source link added this pass)",research_findings candidate a5792055-b197-4221-8454-1bc75d3b5bf6,
1300-1399,"May 14, 1386 - Dovera, Cremona, Lombardy / Ostigilia (Italy) [Visionary: a young deaf-mute shepherdess, Beata Vergine del Pilastrello]","Excluded -- no locatable site identified (MiracleHunter's own entry conflates two distinct place names -- Dovera, Cremona and Ostiglia -- with no other descriptive detail; MiracleHunter source link added this pass)",research_findings excluded 497f7de8-2993-481d-a9bf-117d8cec0f97,
1300-1399,"1363 - Mariazell (Austria) [Visionary: Ludwig I, King of Hungary]","Queued for approval (second apparition tradition at the same Mariazell site MiracleHunter itself cross-references, logged as a candidate from the 1100-1199 era-page CSV -- same candidate row, no new work needed)",research_findings candidate 6f57b68c-ea04-4cca-bb86-9618a0f4b16c,
1300-1399,"undated (same block as 1363 Mariazell) - Pribram (Czechoslovakia/Czech Republic) [Visionary: Ernest Pardubitz, archbishop of Prague]","Queued for approval (matched to Svata Hora Basilica, Pribram; MiracleHunter source link added this pass)",research_findings candidate 6d2b5412-c209-407c-a9fc-6f663e67e290,
1300-1399,undated (same block as 1363 Mariazell) - Valencia (Spain) [Visionary: St. Vincent Ferrer],"Queued for approval (matched to the Royal Basilica of St. Vincent Ferrer, Valencia; MiracleHunter source link added this pass -- the page's stray Corsini/Fiesole link does not belong to this entry)",research_findings candidate 0131e3d0-9ad7-4488-a391-0986e73d2d91,vincent-ferrer
1300-1399,"1380 - Aljubarrota (Portugal) [Visionary: Catarina Anes, miraculous spring]","Queued for approval (matched to the Chapel of Our Lady of the Light / Fonte Santa, Alcobaca -- ""Fonte Santa"" (Holy Spring) matches the spring/water narrative directly; a second detail in the same MiracleHunter entry, a knight's prayer at a church near Ourem before the 1385 Battle of Aljubarrota, is not separately tracked. MiracleHunter source link added this pass)",research_findings candidate a68d3bc9-61b4-4907-b4dd-03ac1e5eb403,
1300-1399,1384 - Mariastein (Switzerland) [Visionary: a shepherd herding cows],Queued for approval (MiracleHunter source link added this pass),research_findings candidate 5159f021-3ec0-4800-9fcf-d929697b1efa,
1300-1399,1392 - Segovia (Spain) [Visionary: a shepherd],"Queued for approval (matched to the Convent of Santa Cruz la Real, Segovia; MiracleHunter source link added this pass)",research_findings candidate e595e183-c8fb-481c-985a-678bf3914174,
1300-1399,"1392 - Tenerife, Canary Islands (Spain) [Visionaries: two Guanche shepherds, Virgen de la Candelaria]",Queued for approval (matched to the Basilica of Candelaria; MiracleHunter source link added this pass),research_findings candidate 7f71936e-4a22-43f2-b3a1-234cd44c78c7,
1300-1399,Eve of the Ascension 1395 - Garaballa (Spain) [Visionary: a shepherd],Excluded -- no locatable site identified (no source cited and no shrine/chapel name given; MiracleHunter source link added this pass),research_findings excluded 85d38024-197b-43a0-9697-36672e1830a5,
1300-1399,July 1399 - Valverde (Italy) [Visionary: a peasant],"Excluded -- no locatable site identified (only ""Valverde (Italy)"" is given with a bare citation; distinct from the already-published Sanctuary of Our Lady of Valverde written from the 1000-1099 era page, but not confirmable as the same or a different specific site; MiracleHunter source link added this pass)",research_findings excluded 6868d463-31b3-4d2c-bd05-4e13a74b1bfe,
1300-1399,"March 26, 1399 - Santa Gadea del Cid, Burgos (Spain) [Visionaries: Pedro Garcia de Arbe and Juan de Enzinas, Virgen del Espino]",Queued for approval,research_findings candidate 786441f5-90be-4950-b5f2-c1e1203a044a,
1300-1399,undated (end of 14th century) - Avila (Spain),"Excluded -- no locatable site identified (MiracleHunter's entire entry reads only ""some people spoke of an apparition of the Virgin,"" with no visionary, site, or other detail given; MiracleHunter source link added this pass)",research_findings excluded 346a36ce-27a6-4c42-889b-b9943014e1ea,
1400-1499,c. 1400 - Deir Al-Maghti / Al-Magtas (Egypt),Excluded — no locatable site identified (MiracleHunter source link added this pass — was missing),research_findings excluded 98b9f7f8-01e9-4547-992d-419754b7ebc6,
1400-1499,c. 1400 - Macerata (Italy),Queued for approval (MiracleHunter link added this pass — was missing),research_findings candidate 70d36057-b72c-43d5-bab5-50ec91dc2a9e,
1400-1499,c. 1400 - Casal Santa Maria (Portugal),Excluded — no locatable site identified (marian-sites tag and dedicated-subpage MiracleHunter link added this pass — both missing),research_findings excluded 4d731667-bd67-45fa-858c-7bd617f5ba8e,
1400-1499,c. 1400 - Bettola (Italy),Queued for approval (MiracleHunter link added this pass — was missing),research_findings candidate 9268e9bf-6104-4fad-bfd8-9a7b25706fb1,
1400-1499,c. 1400 - Albendorf (Poland),"Queued for approval (same site as MiracleHunter's own 1200-1299-page ""Albendorf"" listing — cross-page duplicate tradition; MiracleHunter link already present from a prior pass)",research_findings candidate 090b6e2c-090d-4c10-ab2e-eaa8a4581d07,
1400-1499,c. 1400 - Airola / Sesta Godano (Italy),Queued for approval (MiracleHunter link added this pass — was missing),research_findings candidate 7ac0b421-b231-4d83-b86e-d82e82a244e0,
1400-1499,1400 - Selvino (Italy),Excluded — no locatable site identified (MiracleHunter link added this pass — was missing),research_findings excluded c0f1f281-ba3f-4a46-bb09-f7f900d39342,
1400-1499,1407 - Maria Waldrast (Austria),Queued for approval (MiracleHunter link added this pass — was missing),research_findings candidate c3b7ef61-c522-4271-9811-64a99b315e04,
1400-1499,1413 - Schiedam (Holland),Queued for approval (MiracleHunter link added this pass — was missing),research_findings candidate 8c81bcdb-82a1-4ef1-9ea3-f7655ff69bb7,
1400-1499,"1417 - Siena, Tuscany (Italy)","No specific site/structure cited by MiracleHunter — not trackable as a database site (claim is tied to St. Bernardino generally, not a named structure)",,
1400-1499,"Jan 3, 1417 - Albano Sant'Allessandro, Lombardy (Italy)",Queued for approval (MiracleHunter link added this pass — was missing),research_findings candidate bf4e6140-7a5f-4865-9236-acccc9d91868,
1400-1499,"July 2, 1420 - Castel di Godego (Italy)",Queued for approval (MiracleHunter link added this pass — was missing),research_findings candidate f54498eb-7f26-4a7e-b700-69fbd9d1fae8,
1400-1499,"Sept 8, 1420 - Cordoba (Spain)",Queued for approval (MiracleHunter link added this pass — was missing),research_findings candidate 4165e65e-92dc-4da9-9faa-03c177ed7cba,
1400-1499,"1420 - Faenza, Emilia Romagna (Italy)",Queued for approval (MiracleHunter link added this pass — was missing),research_findings candidate 25d3b7aa-939d-4407-93ce-c3e1b6ef63ae,
1400-1499,1422 - Cesi (Italy),Queued for approval (MiracleHunter link added this pass — was missing),research_findings candidate 4a1aed38-b77a-40fe-9933-5544022ddb91,
1400-1499,1424 - Domremy (France),"Approved, in sites (no MiracleHunter link added — MH's own text names no structure or location beyond the visionary's name; a MiracleHunter link was mistakenly added to all three related sites this pass and then retracted on review)",https://orbisdei.org/site/fr-domremy-la-pucelle-basilica-of-bois-chenu-basilica-of-st-joan-of-arc,"joan-arc, michael-archangel"
1400-1499,"March 7,1426 - Monte Berico (Italy)",Queued for approval (dedicated-subpage MiracleHunter link added this pass — was missing),research_findings candidate b2854cff-79f6-47c4-a291-88416d6c79d9,
1400-1499,May 1428 - Monteortone (Italy),Not previously ingested — written as new lead this pass,research_findings candidate 31c71950-7ce8-423f-8adf-fc33f48085f8,
1400-1499,"May 20, 1428 - Stia (Italy)",Queued for approval (MiracleHunter link added this pass — was missing),research_findings candidate 705167fc-694a-4721-bf99-dd7f68555d63,
1400-1499,1429 - Penafrancia (Spain),Queued for approval (MiracleHunter link added this pass — was missing),research_findings candidate 0554454d-8ea0-4906-bfa1-d08bfa8168a5,
1400-1499,"1430 - Jaén, Andalucia (Spain)",Queued for approval (MiracleHunter link added this pass — was missing),research_findings candidate a4ead917-3e24-46ec-a5f0-d557c44084e8,
1400-1499,"May 26, 1432 - Caravaggio, Lombardy (Italy)",Queued for approval (dedicated-subpage MiracleHunter link added this pass — was missing),research_findings candidate ad561c82-2c8f-4705-8a1a-48179f631ee2,
1400-1499,1433 - Ancona (Italy),Queued for approval (MiracleHunter link added this pass — was missing),research_findings candidate acd8959a-8e80-40dc-bc2b-70bf73af9be2,
1400-1499,1438 - Bologna (Italy),Excluded — no locatable site identified (MiracleHunter link added this pass — was missing),research_findings excluded a975c748-9090-45d4-bda3-6d0c334fa8fd,
1400-1499,1440 - Rome (Italy) - Frances Ponziani,Queued for approval (MiracleHunter link added this pass — was missing),research_findings candidate 8ddeadf4-968d-4c2c-be80-2b3273772d55,
1400-1499,"Oct 9, 1440 - Desenzano al Serio, Lombardy (Italy)",Queued for approval (MiracleHunter link added this pass — was missing),research_findings candidate 7f422ea8-f7e8-4d0c-90ef-ec4a5fd5d402,
1400-1499,1440 - Maria Fallsbach (Austria),Queued for approval (MiracleHunter link added this pass — was missing),research_findings candidate 328361d8-427e-4caf-9b46-4324d7a5a7cb,
1400-1499,1443 - Fez (Morocco),Excluded — no locatable site identified (marian-sites tag and MiracleHunter link added this pass — both missing),research_findings excluded b73e3193-ab22-4cac-bb4c-4e9b6d3a885d,
1400-1499,1443 - Madrid (Spain) - Blessed Beatrice of Silva,"Excluded — no locatable site identified (tag and link added this pass; her real documented sites are Tordesillas and Toledo, not Madrid)",research_findings excluded b61f5483-8c30-4ce2-be63-85c7c55a7124,
1400-1499,1446 - Fiesole (Italy),"Excluded — no locatable site identified (link added this pass; distinct from the real, published 1328 Andrew Corsini Fiesole tradition on the 1300-1399 page)",research_findings excluded e0700fea-a65c-452b-b2e8-6c6017be2302,
1400-1499,"1447 - Saluzzo, Piedmont (Italy)",Excluded — no locatable site identified (MiracleHunter link added this pass — was missing),research_findings excluded 4930503c-d34d-48f9-9a4e-16fd491ba568,
1400-1499,Betharram Pyrenees (France) [undated entry],Queued for approval (MiracleHunter link added this pass — was missing; same site as the ca. 1450 Betharram entry below),research_findings candidate 03849be2-5b8a-4d11-8e47-4512f794b3a4,
1400-1499,"Mar 3, 1449 - Cubas de la Sagra (Spain)",Queued for approval (MiracleHunter link added this pass — was missing),research_findings candidate 60bd6b77-2b7a-4595-8345-688b33ef7c13,
1400-1499,"March 3-19, 1449 - Madrid (Spain) - Inés Martinez",Queued for approval (same site/tradition as the Cubas de la Sagra entry above — Inés Martinez's convent),research_findings candidate 60bd6b77-2b7a-4595-8345-688b33ef7c13,
1400-1499,1449 - Anderlecht (Belgium),Queued for approval (MiracleHunter link added this pass — was missing),research_findings candidate 9584ff9b-003e-4d9b-b52e-fed308d2f170,
1400-1499,1450 - Bologna (Italy) - St. Catherine Vigri,Queued for approval (MiracleHunter link added this pass — was missing),research_findings candidate 99791930-11dd-4704-9d78-48cb57cb68db,
1400-1499,ca. 1450 - Betharram (France) [second listing],Queued for approval (same site as the earlier undated Betharram entry on this page — duplicate tradition),research_findings candidate 03849be2-5b8a-4d11-8e47-4512f794b3a4,
1400-1499,Trani (Italy) [undated entry],Queued for approval (dedicated-subpage MiracleHunter link added this pass — was missing),research_findings candidate 650dd079-b753-4232-8a33-cc838548de17,
1400-1499,Matraverebély-Szentkist (Hungary) [undated entry],Queued for approval (MiracleHunter link added this pass — was missing),research_findings candidate d40db578-e8c7-4468-966c-45db7e97026f,
1400-1499,Florence (Italy) [undated entry] - St. Pierozzi Anthony,Queued for approval (MiracleHunter link added this pass — was missing),research_findings candidate b9da26e9-f19d-404b-a1ec-0ac380b5a3a6,
1400-1499,late 15th century - Graffignano (Italy),Queued for approval (MiracleHunter link added this pass — was missing),research_findings candidate 03db5fc0-f3bb-4acc-a768-95d625002df5,
1400-1499,"Aug 14, 1453 - Ghisalba (Italy)",Queued for approval (MiracleHunter link added this pass — was missing),research_findings candidate 8c2f4ba3-e4bd-46f4-9408-9aa5230130d7,
1400-1499,1457 - Milan (Italy) - St. Veronica de Binasco,"Queued for approval (MiracleHunter link added this pass — was missing; MiracleHunter's ""Milan"" refers to the nearby town of Binasco, her documented parish)",research_findings candidate abcd5e34-c77b-4702-9f66-fb37d81b2a38,
1400-1499,1460 - Loreto (Italy) - Holy House of Mary,Queued for approval (MiracleHunter link added this pass — was missing),research_findings candidate d52bf222-67b3-4cb1-afb9-6971e8ecb513,
1400-1499,"April 3,1460 - Crema, Cremona, Lombardy (Italy)",Queued for approval (MiracleHunter link added this pass — was missing),research_findings candidate ea76739f-30d2-4bce-9fe7-1580ad1b9971,
1400-1499,"May 8, 1460 - Saronno (Italy)",Not previously ingested — written as new lead this pass,research_findings candidate 28ad9bea-7dd9-4a2b-81d1-b8ab99bcf59c,
1400-1499,1464 - Brescia (Italy) - Blessed Stephana de Quinzanis,"Queued for approval (dedicated-subpage MiracleHunter link added this pass — was missing; real documented site is the Church of San Giacomo, Soncino, where she later lived — MiracleHunter's ""Brescia"" is her birthplace)",research_findings candidate 45f37ee1-968c-46d0-a61e-7d22b9359812,
1400-1499,Sept 1465 - Garlasco (Italy),Queued for approval (MiracleHunter link added this pass — was missing),research_findings candidate 6b4539de-81b3-4cb5-bd28-d047f97899bd,
1400-1499,October 1465 - Paris (France) - Bl. Alan de Rupe,Excluded — no locatable site identified (MiracleHunter link added this pass — was missing),research_findings excluded 094cd748-e3d0-4d9b-8003-ad4b7d645049,
1400-1499,Sept 1468 - Ospedaletto Euganeo (Italy),Queued for approval (MiracleHunter link added this pass — was missing),research_findings candidate 13b30918-1058-4c3b-b2b6-fe8759965fe1,
1400-1499,November 1470 - Badia di Cava (Italy) - Gabrielle Cinnamo,"Queued for approval (MiracleHunter link added this pass — was missing; same Sanctuary of Maria SS. Avvocata tradition as the Nov 1485 ""Cava"" and April 1490 ""Cava de' Tirreni"" entries below)",research_findings candidate 9e5f5842-de6c-4752-bfb5-a79b54e7d99a,
1400-1499,1471 - Lignières (France),Queued for approval (MiracleHunter link added this pass — was missing),research_findings candidate 1e91d2b3-3c5f-4da2-8efd-e507793ba3fb,
1400-1499,1471 - Krakow (Poland),Queued for approval (MiracleHunter link added this pass — was missing),research_findings candidate e1106dae-aff6-4cff-9a76-0ead049b4281,
1400-1499,Aug 1479 - Mogliano Veneto (Italy),Queued for approval (MiracleHunter link added this pass — was missing),research_findings candidate e3206331-3d6e-46e3-92ca-36c3efdd8630,
1400-1499,"May 18, 1480 - Canzano (Italy)",Queued for approval (MiracleHunter link added this pass — was missing),research_findings candidate 39ce961f-65fe-44fb-881b-13bf7d039161,
1400-1499,"July 16, 1480 - Boccadirio (Italy)",Queued for approval (MiracleHunter link added this pass — was missing),research_findings candidate e80c507a-a8dd-4790-94a7-e79e56e931ce,
1400-1499,c. 1480 - Rome (Italy) - Bl. Amadeo Mendez da Silva,Excluded — no locatable site identified (MiracleHunter link added this pass — was missing),research_findings excluded 40c40a65-1e20-4148-bf56-2f32cd1d8918,
1400-1499,"March 27, 1483 - Imola (Italy)",Queued for approval (MiracleHunter link added this pass — was missing),research_findings candidate 1a471db0-63d6-442d-9d3f-7daddb002c55,
1400-1499,1484 - 90 - Sasso (Italy) - The Ricovera sisters,Not previously ingested — written as new lead this pass,research_findings candidate aabe123f-ed69-4816-a412-d82e64678c14,
1400-1499,"August 15, 1484 - Lepe, Huelva, Andalucía (Spain)",Queued for approval (MiracleHunter link added this pass — was missing),research_findings candidate b36b8236-e06b-4f43-b69d-36ba59d3bc25,
1400-1499,November 1485 - Cava (Italy) - Gabriel Cinnamo / Friar John of Naples,"Queued for approval (MiracleHunter link added this pass — was missing; same Sanctuary of Maria SS. Avvocata tradition as the Nov 1470 ""Badia di Cava"" and April 1490 ""Cava de' Tirreni"" entries)",research_findings candidate 9e5f5842-de6c-4752-bfb5-a79b54e7d99a,
1400-1499,"1487 - Our Lady of Light (Liébana, Spain)",Queued for approval (MiracleHunter link added this pass — was missing),research_findings candidate 7d29dd58-af61-4f3b-8e45-e79fd89b4bc9,
1400-1499,"1490 - Alaexos, Castiglia (Spain)","Queued for approval (MiracleHunter link added this pass — was missing; same site as the undated ""Alexos, Castile"" entry below)",research_findings candidate e2ea5b63-8b90-4006-979a-410f40a4c184,
1400-1499,"April 3, 1490 - Cava de' Tirreni, Salerno, Campania (Italy) - Madonna dell'Avvocata",Queued for approval (MiracleHunter link added this pass — was missing; same Sanctuary of Maria SS. Avvocata tradition as the 1470/1485 Cava entries above),research_findings candidate 9e5f5842-de6c-4752-bfb5-a79b54e7d99a,
1400-1499,"Aug 29, 1490 - Monte Figogna, Liguria (Italy)",Queued for approval (dedicated-subpage MiracleHunter link added this pass — was missing),research_findings candidate 4caf99ee-cb5d-4c4c-8f45-c407ca6b846f,
1400-1499,1491 - Trois-Epis (France),Queued for approval (MiracleHunter link added this pass — was missing),research_findings candidate 0fbd5b31-e341-4e91-bc90-f90e9d94ab00,
1400-1499,"October 10, 1492 - Gallivaggio (Italy)",Queued for approval (MiracleHunter link added this pass — was missing),research_findings candidate 2cecffbd-513f-4cbf-bec5-644ef6fcdb10,
1400-1499,"July 16, 1493 - Raccogni (Italy)","Queued for approval (MiracleHunter link added this pass — was missing; real place name is Racconigi, Cuneo — MiracleHunter's own spelling is garbled)",research_findings candidate e712f178-6a8a-4fa9-a749-45f1e728daf7,
1400-1499,"July 17, 1494 - Balze di Vergereto (Italy)",Excluded — no locatable site identified (MiracleHunter link added this pass — was missing),research_findings excluded a1033993-61fa-4ec0-8087-dc07d25fac22,
1400-1499,May 23 [1480] - Rhodes (Greece),Queued for approval (MiracleHunter link added this pass — was missing),research_findings candidate 99f5d511-80a2-4d46-a028-2bf51869f16f,
1400-1499,Locarno (Switzerland) [undated entry] - Madonna del Sasso,Queued for approval (MiracleHunter link added this pass — was missing),research_findings candidate 1f53fba6-e209-4a55-b73a-39f67a9b44d1,
1400-1499,"Alexos, Castile (Spain) [undated entry] - Nuestra Senora de la Casita","Queued for approval (MiracleHunter link added this pass — was missing; same site as the 1490 ""Alaexos, Castiglia"" entry above)",research_findings candidate e2ea5b63-8b90-4006-979a-410f40a4c184,
1400-1499,1496 - Azagna (Spain) - Joan Nasquez of the Cross,Queued for approval (same visionary — Bl. Juana de la Cruz — and site as the 1449 Cubas de la Sagra entries above; Azagna itself has no separate structure),research_findings candidate 60bd6b77-2b7a-4595-8345-688b33ef7c13,
1400-1499,"July 23, 1496 - Monte Altino (Italy)",Queued for approval (MiracleHunter link added this pass — was missing),research_findings candidate c1c0e383-c52f-4a52-8d24-25d1ad3f69cf,
1500-1599,"c. 1500 - Almonacid de Toledo, Castiglia (Spain)",Excluded — no locatable site identified,research_findings excluded 67f1bdec-7d7f-4413-9818-198203e53743,
1500-1599,"c. 1500 - Dolní Dvonste, Cesky Krumlov, South Bohemia (Czech Republic)",Queued for approval (MiracleHunter link added this pass — was missing),research_findings candidate 8a86bd7d-dd35-4c1b-8e26-5074241e2d8b,
1500-1599,c. 1500 - Vedano al Lambro (Italy),"Queued for approval (dedicated MiracleHunter subpage link added this pass — was missing; entry's own ""More about this apparition"" link uses slug ""valverde"")",research_findings candidate c652c80b-cd9e-46bf-8b72-124c645615d6,
1500-1599,c.1500 - Pannesi di Lumarzo (Italy),Excluded — no locatable site identified,research_findings excluded df7454ba-b0b1-4b9d-ab68-1286702c4cb6,
1500-1599,1500 - San Sosti (Italy),Queued for approval (MiracleHunter link added this pass — was missing),research_findings candidate f26dec0e-4038-4bb4-82fd-6fb5a84c182d,
1500-1599,1500 - Wethenstein (Switzerland),"Queued for approval (MiracleHunter link added this pass — was missing; same site as the 1518 and 1553 ""Wethenstein"" entries below, one physical site/candidate, three MiracleHunter rows)",research_findings candidate ed0df07c-10cb-41eb-9df2-c5280d2dc0d9,
1500-1599,"Dec 18, 1503 - Villarrasa, Huelva, Andalucia (Spain)",Excluded — no locatable site identified,research_findings excluded e97009db-3fd8-421a-92f3-9298d1026679,
1500-1599,1503 - Trino (Italy),Excluded — no locatable site identified,research_findings excluded 16e39da1-84b3-4370-83f2-3a2a428dfe9d,maddalena-panattieri
1500-1599,"Sept 29, 1504 - Tirano (Italy)",Queued for approval (MiracleHunter link added this pass — was missing),research_findings candidate 2b6ca0c1-b369-4467-b899-8b0542755627,
1500-1599,"June 9, 1505 - San Polo (Italy)",Excluded — no locatable site identified,research_findings excluded e8c486bd-b17f-4f32-bdec-0ef9156c3579,
1500-1599,"July 2, 1505 - León, Castile and León (Spain)","Queued for approval (MiracleHunter link added this pass — was missing; matched via basilica's dedication title ""Virgen del Camino,"" not the place name)",research_findings candidate e77a3924-b865-4881-bc91-a6ffe2e9ed10,
1500-1599,1508 - Chiogga (Italy),Excluded — no locatable site identified,research_findings excluded 54fb3036-988d-4175-a40b-01b6304a19e7,
1500-1599,"March 19, 1509 - Villefranche-de-Rouergue, Aveyron (France)",Excluded — no locatable site identified,research_findings excluded 0b53eb0e-0834-4813-b2b9-9af0ed5ac301,
1500-1599,"March 9, 1510 - Motto di Livenza (Italy)",Queued for approval (MiracleHunter link added this pass — was missing),research_findings candidate 4c7da806-e330-4505-a1f3-697ebc47187f,
1500-1599,"April 28, 1510 - Bergamo (Italy)","Queued for approval (cross-page duplicate: same candidate record already cited on the 1300-1399 CSV as the 1310 Bergamo/Madonna del Castagno entry, which carries the MiracleHunter link)",research_findings candidate 28b9eae2-6e95-4900-b762-416c62954d47,
1500-1599,"Sept 8, 1510 - Aviano (Italy)",Excluded — no locatable site identified,research_findings excluded 543b6d36-59ec-4adc-a9da-3ae35644e43f,
1500-1599,"May 1511 - Castelleone, Lombardy (Italy)",Queued for approval (MiracleHunter link added this pass — was missing),research_findings candidate 3f5d599f-3436-40a7-b5ea-2d2be216904b,
1500-1599,1511 - Treviso (Italy),Queued for approval (MiracleHunter link added this pass — was missing),research_findings candidate c72c272e-4e63-44ce-aefd-78c9029a72f2,jerome-emiliani
1500-1599,1512 - Albendorf (Poland),"Queued for approval (cross-page duplicate: MiracleHunter's own 1200-1299 page also lists an ""Albendorf"" entry — same Wambierzyce candidate, already MiracleHunter-linked from an earlier pass)",research_findings candidate 090b6e2c-090d-4c10-ab2e-eaa8a4581d07,
1500-1599,"July 2, 1512 - Oneta (Italy)",Excluded — no locatable site identified,research_findings excluded af539b22-7af0-49f7-a8ff-092ccf46c1ce,
1500-1599,"Aug 14, 1512 - Strugnano (Italy)",Excluded — no locatable site identified,research_findings excluded 160a0dcf-6115-434d-a2ae-e7c4b067dfbc,
1500-1599,"April 12, 1514 - Liveri di Nola (Italy)",Queued for approval (MiracleHunter link added this pass — was missing),research_findings candidate 69069a24-3c35-485b-aec5-cd4ffef9d732,
1500-1599,1515 - Garaison (France),Queued for approval,research_findings candidate 373ee078-af13-4c7a-a30b-bd707b13511e,
1500-1599,"Dec 25, 1516 - Rome (Italy)",Excluded — no locatable site identified,research_findings excluded e1f6af91-3ad8-49be-907c-2323e64e70ac,cajetan-thiene
1500-1599,1518 - Wethenstein (Switzerland),"Queued for approval (same site as the 1500 entry above — one candidate record, one row each per page convention)",research_findings candidate ed0df07c-10cb-41eb-9df2-c5280d2dc0d9,
1500-1599,"July 2, 1518 - Camogli (Liguria, diocese of Genoa, Italy)",Queued for approval,research_findings candidate 5ea7d5d8-ff16-4f6b-a180-3928dbcc31b8,
1500-1599,"July 8, 1519 - Adro, Brescia (Italy)",Queued for approval (MiracleHunter link added this pass — was missing),research_findings candidate fc256c4b-1e47-4440-983f-2323ea39a67a,
1500-1599,"August 10, 1519 - Catignac, Mont Vardaille (France)",Queued for approval (dedicated MiracleHunter subpage link added this pass — was missing; entry names Cotignac in its own text),research_findings candidate 0d965ccd-e23c-4613-a831-3640b0b4290e,
1500-1599,1520 - Aberdeen (Scotland),Excluded — no locatable site identified,research_findings excluded 1a76c4c9-043c-4464-a114-66be38fdd933,
1500-1599,1520 - Tarbes (France),Excluded — no locatable site identified,research_findings excluded 940249eb-7b69-478b-a86c-a3ba0dc2a17c,
1500-1599,"May 4, 1521 - Cori (LT) (Italia)",Queued for approval (MiracleHunter link added this pass — was missing),research_findings candidate b6ab8a5e-6e80-4508-8146-5b6778364300,
1500-1599,1522 - Manresa (Spain),"Approved, in sites (marian-sites tag and MiracleHunter link both added this pass — were missing; site was tagged only ignatius-loyola)",https://orbisdei.org/site/es-manresa-cave-of-st-ignatius,ignatius-loyola
1500-1599,1523 - Quintanar de la Orden (Spain),Excluded — no locatable site identified,research_findings excluded 8e63ee14-8d72-4d4a-abcb-610527b09a2a,
1500-1599,"May 22, 1527 - Bovegno (Italy)",Queued for approval (MiracleHunter link added this pass — was missing),research_findings candidate b81ba805-85f2-4879-af73-5f34bf6dcb98,
1500-1599,1529 - Sens (France),Excluded — no locatable site identified,research_findings excluded 256b4523-c229-42f4-addf-1a3bdf4ba496,
1500-1599,"Oct 11 and 23, 1529 - Gubel (Switzerland)",Queued for approval (MiracleHunter link added this pass — was missing),research_findings candidate 73a55b3e-2180-4b55-9edf-2e42526709b5,
1500-1599,June 1529 - Naples (Italy),Excluded — no locatable site identified,research_findings excluded 36cb66c4-36b3-4481-a409-e6c25318b5c6,
1500-1599,1531 - Guadalupe (Mexico),"Approved, in sites",https://orbisdei.org/site/mx-mexico-city-basilica-of-our-lady-of-guadalupe,"holy-persons, juan-diego"
1500-1599,"May 18, 1531 - Wesemlin, Lucerne (Switzerland)",Queued for approval,research_findings candidate 0500a565-9e84-45c1-aea5-0e6233f545dd,
1500-1599,Aug 1532 - Paitone (Italy),Queued for approval (MiracleHunter link added this pass — was missing),research_findings candidate ae593484-6090-4eca-9173-543a52206e8b,
1500-1599,1527 or 1532 - Ipswich (England),Queued for approval (MiracleHunter link added this pass — was missing),research_findings candidate 41ab5c31-83bc-48d7-b49c-02669aea8a68,
1500-1599,1535 - Peru,No specific site/structure cited by MiracleHunter — not trackable as a database site,,
1500-1599,"1535 - Altkirch, Alazia (France)","Not previously ingested — written as new lead this pass (lower confidence — MiracleHunter's own text names no discrete structure beyond ""the bastion of the city""; a Fontaine de la Vierge monument in the town center commemorates a Marian tradition, but its link to this specific 1535 claim could not be independently confirmed. Flagged for review.)",research_findings lead f35ed74f-aa09-4093-a7f4-d16a909d7973,
1500-1599,"March 16, 1536 - Savona (Italy)",Queued for approval (MiracleHunter link added this pass — was missing),research_findings candidate c03f840c-31aa-4cf7-a293-5abfa3ae1b63,
1500-1599,"May 23, 1536 - Cuzco (Peru)",Queued for approval (MiracleHunter link added this pass — was missing),research_findings candidate ae7cf3f3-be26-417f-b36e-8d1d5b17cbae,
1500-1599,"May 31, 1536 - Monte Stella (Italy)",Queued for approval (MiracleHunter link added this pass — was missing),research_findings candidate 95917e3e-822e-4769-9891-c0d145e136f3,
1500-1599,"July 11, 1536 - Combarbio (Italy)",Queued for approval (MiracleHunter link added this pass — was missing),research_findings candidate b87aa442-d03d-47b0-8d40-a4ee2d683085,
1500-1599,"May 20, 1537 - Farigliano, Cuneo, Piedmont (Italy)",Excluded — no locatable site identified,research_findings excluded 8586893b-9630-41b3-b7a4-efe308224f9b,
1500-1599,Spring 1539 - Sveta Gora (Slovenia),"Approved, in sites (stale duplicate research_findings candidate row marked duplicate this pass, pointing here)",https://orbisdei.org/site/si-solkan-basilica-of-the-holy-mother-of-god-sveta-gora,
1500-1599,"1539 - Gorizia, Fruili (Italy)","Approved, in sites (same apparition as the ""Spring 1539 Sveta Gora"" entry above — same shepherdess and message, cross-referenced within this page, no new work; Sveta Gora sits in the historic Gorizia district)",https://orbisdei.org/site/si-solkan-basilica-of-the-holy-mother-of-god-sveta-gora,
1500-1599,1541 - Ocotlan (Mexico),"Queued for approval (dedicated MiracleHunter subpage link added this pass — was missing; a duplicate candidate row for the same shrine — Sanctuary of Our Lady of Ocotlán, id 438e73f5 — was found and marked duplicate this pass, pointing here)",research_findings candidate c251a2ee-9b55-422d-a21b-bd2d24c8ac83,
1500-1599,1543 - Lowen (Belgium),Excluded — no locatable site identified,research_findings excluded 2906b1cb-e58f-4464-b2b6-4fd811657140,
1500-1599,"March 28, 1543 - Ameno (Italy)",Queued for approval (MiracleHunter link added this pass — was missing),research_findings candidate 54db80b7-6757-463e-a279-0404bae2caef,
1500-1599,May 1543 - Cantu' (Italy),Excluded — no locatable site identified,research_findings excluded add48152-35ba-47b2-8f19-cbd393d956fe,
1500-1599,1544 - Andacollo (Chile),Queued for approval (MiracleHunter link added this pass — was missing),research_findings candidate e2a4dc1f-9f82-40c5-ba91-90e2cbd70e20,
1500-1599,"June 25, 1548 - Montegridolfo, Rimini, Emilia-Romagna (Italy)",Excluded — no locatable site identified,research_findings excluded 7150230e-6a14-474d-80b8-d1fc73d6dd8b,
1500-1599,"February 22, 1550 - Castel San Pietro Terme, Bologna, Emilia Romagna (Italy)","Queued for approval (MiracleHunter link added this pass — was missing; duplicate of the ""Feb 22, 1550 Castel San Pietro"" entry further below — one candidate record, two MiracleHunter rows)",research_findings candidate 7474e461-0a0f-4b16-8588-2b7db8618e8f,
1500-1599,1553 - Wethenstein (Switzerland),"Queued for approval (MiracleHunter link added this pass — was missing; corrected match: this row's own detail text is a different shrine from the 1500/1518 ""Wethenstein"" entries above -- Maria Weissenstein / Pietralba, Nova Ponente, South Tyrol, Italy -- despite the same misleading place-name label MiracleHunter gives all three rows)",research_findings candidate 8b40714f-f954-4950-929c-4a016abf5c6e,
1500-1599,"July 2, 1557 - Rapallo (Italy)","Not previously ingested — written as new lead this pass (within-page duplicate of the ""July 2, 1557 Rapallo - OR - Montallegro (Sicily)"" entry further below — same apparition, one lead written)",research_findings lead 39462550-2f60-4bb0-bc33-1467fd05d096,
1500-1599,"March 25, 1560 - Fronville (France)",Not previously ingested — written as new lead this pass,research_findings lead c74bd2c4-00ce-4b4b-a568-c415f0379a57,
1500-1599,1550 - Vailankanni (India),"Approved, in sites",https://orbisdei.org/site/in-velankanni-basilica-of-our-lady-of-good-health,
1500-1599,"Feb 22, 1550 - Castel San Pietro (Italy)","Queued for approval (duplicate of the ""February 22, 1550 Castel San Pietro Terme"" entry above — same candidate record)",research_findings candidate 7474e461-0a0f-4b16-8588-2b7db8618e8f,
1500-1599,"Sept 8, 1550 - Azay-on-Thouet (France)",Not previously ingested — written as new lead this pass,research_findings lead a26f27e4-ef35-4f46-b1bc-0a4f299fdaf9,
1500-1599,"April 17, 1555 - Corbetta (Italy)",Not previously ingested — written as new lead this pass,research_findings lead c75bfc84-7892-4096-ac50-cdc05922788d,
1500-1599,1556 - Civitella (Italy),No specific site/structure cited by MiracleHunter — not trackable as a database site,,
1500-1599,"May 21, 1556 - Arcola (Italy)",Not previously ingested — written as new lead this pass,research_findings lead 19699276-68a1-4a8f-8bb7-3dfd0b55e983,
1500-1599,"Apr 22, 1557 - Guilianova (Italy)",Not previously ingested — written as new lead this pass,research_findings lead d7463f00-d922-42da-b6c8-f8b639c658f2,
1500-1599,"July 2, 1557 - Rapallo (Italy) - OR - Montallegro (Sicily)","Not previously ingested — written as new lead this pass (within-page duplicate of the ""July 2, 1557 Rapallo"" entry above — same apparition, same lead)",research_findings lead 39462550-2f60-4bb0-bc33-1467fd05d096,
1500-1599,1557 - Brescia (Lombardy),Excluded — no locatable site identified,research_findings excluded 86d095e8-6db5-477f-ad21-75d3d1477620,
1500-1599,"July 1, 1558 - Gerosa (Italy)",Not previously ingested — written as new lead this pass,research_findings lead 50195650-cb91-4664-819a-f4c1a74238a5,
1500-1599,1560 - Cordoba (Spain),Excluded — no locatable site identified,research_findings excluded dca8a71d-e49f-42e0-8f75-8bd60bf2de86,
1500-1599,"May 31, 1562 - Petrella (Italy)",Excluded — no locatable site identified,research_findings excluded 320417ca-fc77-45c6-966a-b141841dc72e,
1500-1599,"June 26, 1562 - Moncrivello (Italy)",Excluded — no locatable site identified,research_findings excluded c664df69-e831-4792-98b6-09b59c8f6050,
1500-1599,1562 - Arenas (Spain),Excluded — no locatable site identified,research_findings excluded f8288ae4-dd53-4ad8-a531-86de1909d785,peter-alcantara
1500-1599,1563 - Avila (Spain),Queued for approval (MiracleHunter link added this pass — was missing),research_findings candidate fcd3b6d3-9b49-4410-ab43-2b0a152bd958,teresa-avila
1500-1599,1564 - Torrehermosa (Spain),Excluded — no locatable site identified,research_findings excluded 1a0d6c6d-373c-4f38-88d8-72ac8ecd99a6,paschal-baylon
1500-1599,"1566 - Forli, Emilia Romagna (Italy)",Excluded — no locatable site identified,research_findings excluded 45b9074a-c9a0-4979-b5b4-f35256001592,
1500-1599,1567 - Vienna (Austria),Excluded — no locatable site identified,research_findings excluded 9c5bf3aa-3835-467f-93af-a78f0d8c1fa4,stanislaus-kostka
1500-1599,1570 - Pistoia (Tuscany),Excluded — no locatable site identified,research_findings excluded 164735a5-4d1c-4b3a-9504-2192e2b9fcd3,
1500-1599,"April 7, 1569 - Tauste, Zaragoza (Spain)",Excluded — no locatable site identified,research_findings excluded b549a809-4065-4f12-b512-a263a9d67b30,
1500-1599,1570 - Trujillo (Venezuela),Queued for approval (MiracleHunter link added this pass — was missing),research_findings candidate 202405c2-63e3-4e74-9922-c42da06a87aa,
1500-1599,"Aug 15, 1572 - Caltagirone (Italy)",Excluded — no locatable site identified,research_findings excluded ae420b9b-cf12-44b6-ae21-c80e062f2221,
1500-1599,"Jun 9, 1573 - Monsummano Terme (Italy)",Queued for approval (MiracleHunter link added this pass — was missing),research_findings candidate 86573423-2839-4324-b47f-653ebedac842,
1500-1599,May 1574 - Casalpusterlengo (Italy),Excluded — no locatable site identified,research_findings excluded dafa5f90-54ce-4832-a2b8-1b93f899d8fd,
1500-1599,1576 - Gubbio (Italy),Excluded — no locatable site identified,research_findings excluded 7a65f91b-4b23-4bc8-9ea8-3e299d637cad,
1500-1599,May 1576 - Casalbordino (Italy),Queued for approval (MiracleHunter link added this pass — was missing),research_findings candidate 794b6fa1-c9d4-4299-ae8d-5a2ab5ad6e27,
1500-1599,"June 7, 1578 - Visora di Conflenti (Italy)",Queued for approval (MiracleHunter link added this pass — was missing),research_findings candidate 140ff65a-022e-483d-ae71-f6559a909a1a,
1500-1599,Dec 1578 - Poggio di Roio (Italy),Excluded — no locatable site identified,research_findings excluded 08ba8673-976a-4861-be11-989ae9578b81,
1500-1599,1578 - Madrid (Spain),Excluded — no locatable site identified,research_findings excluded a0078d4c-d5e2-408a-a2d2-c3eae2cfd82b,
1500-1599,"July 8, 1579 - Kazan (Russia)",Queued for approval (MiracleHunter link added this pass — was missing),research_findings candidate e0603e0d-f893-47ef-b8b6-b397e3b36644,
1500-1599,1580 - Trivento (Italy),Excluded — no locatable site identified,research_findings excluded c0894a18-bbd2-4ba0-bd0e-8ae9b306a1f0,
1500-1599,1580 - Zironi (Spain),Excluded — no locatable site identified,research_findings excluded d274c8fc-d205-43a5-a26c-1fa9c37e6b35,
1500-1599,"July 16, 1580 - Ziteli (Switzerland)","Queued for approval (MiracleHunter link added this pass — was missing; garbled place name — matches candidate via ""Oberhalbstein,"" the region MiracleHunter's own text names)",research_findings candidate cbc386cb-91ea-4690-89b1-565341e096a3,
1500-1599,"June 30, 1582 - Bopfingen, Flochberg (Germany)","Queued for approval (MiracleHunter link added this pass — was missing; MiracleHunter's own text names the pilgrimage site as Unterkochen, near Aalen)",research_findings candidate c4407078-abdb-4272-9b29-64fcabbd9d0b,
1500-1599,1583 - Madrid (Spain),Excluded — no locatable site identified,research_findings excluded 309d8f4b-c851-4c6a-9b2e-9b69939c0b32,aloysius-gonzaga
1500-1599,1584 - Florence (Italy),Queued for approval (MiracleHunter link added this pass — was missing),research_findings candidate e25e3e3e-e2f9-4d3f-bc85-181b49622073,mary-magdalene-depazzi
1500-1599,"May 24, 1585 - Pumengo (Italy)",Queued for approval (MiracleHunter link added this pass — was missing),research_findings candidate 6b25942b-8ae5-426e-9243-23c110511db6,
1500-1599,"August 29, 1585 - Montevarchi, Arezzo, Tuscany (Italy)",Excluded — no locatable site identified,research_findings excluded 48526716-bce8-4597-b7ef-1fd418c418d5,
1500-1599,1587 - Angola (Africa),Excluded — no locatable site identified,research_findings excluded ee556471-dc45-42fe-afc8-bb8c692354db,
1500-1599,1587 - Cologne (Germany),Excluded — no locatable site identified,research_findings excluded 948f9270-9c1d-4433-9c5a-e4267e8eee84,
1500-1599,"July 12, 1586 - Stezzano (Italy)",Queued for approval (MiracleHunter link added this pass — was missing),research_findings candidate 7041b094-57d3-4f32-ba6a-cfcc9c5775da,
1500-1599,1587 - Rome (Italy),Excluded — no locatable site identified,research_findings excluded 86da32dc-8ae4-40fc-b9d9-b68a18411dc9,felix-cantalice
1500-1599,1587 - Rome (Italy),Excluded — no locatable site identified,research_findings excluded 8f723618-5584-411b-a9a2-8a30eca34ec4,
1500-1599,"1587 - Médous, Bagnères-de-Bigorre (France)",Queued for approval (MiracleHunter link added this pass — was missing),research_findings candidate 1d17baba-cd49-4760-be23-41f84e177b9a,
1500-1599,1588 - Naples (Italy),Excluded — no locatable site identified,research_findings excluded 8d8b57ed-c93f-4313-a211-fafe88bf5e28,
1500-1599,"Janary 7, 1588 - Costa di Folgaria (Italy)",Queued for approval (MiracleHunter link added this pass — was missing),research_findings candidate efce4ee0-9207-4cd0-b7a6-f400e9f09dd8,
1500-1599,1590 - Brac (Portugal),Excluded — no locatable site identified,research_findings excluded 3bb843f3-b659-4703-9980-a66712d2ea06,
1500-1599,1588 - Salutio (Italy),Excluded — no locatable site identified,research_findings excluded 447645ac-d865-4523-b970-c2bdaf899999,
1500-1599,"1589 - Tabacué, Corrientes (Argentina)","Queued for approval (MiracleHunter link added this pass — was missing; matched via Itatí, the modern name of this shrine)",research_findings candidate 2a2e357a-115a-451b-91a0-1aec64e76b76,
1500-1599,c. 1590 - Lima (Peru),Excluded — no locatable site identified,research_findings excluded 8c7544eb-ed18-4ab8-86ec-74ffe896f658,
1500-1599,1591 - Proceno (Lazio),Excluded — no locatable site identified,research_findings excluded 23342ce2-843a-4e6a-bc00-c6a8a79f7b17,alphonsus-orozco
1500-1599,"July 29, 1594 - Inferior Morbio (Switzerland)",Queued for approval (MiracleHunter link added this pass — was missing),research_findings candidate 1f99c9bf-e9b2-4dcf-86c1-5b0717a7a0c3,
1500-1599,1594 - Acquasparta (Italy),Excluded — no locatable site identified,research_findings excluded 2c648608-cfee-4ee6-94bc-9ee830bad100,
1500-1599,1594 - Quito (Ecuador),Queued for approval,research_findings candidate 276096a8-cf23-4602-ab81-5fa3a5c5158e,
1500-1599,"September 11, 1595 - Monte Bonicca (Italy)",Queued for approval (MiracleHunter link added this pass — was missing),research_findings candidate 7a1fee3b-19c7-4c99-8a89-9693e9d073bf,
1500-1599,"1596 - Arona, Piedmont (Italy)",Excluded — no locatable site identified,research_findings excluded 6d759f1b-6329-41da-b9cc-5b72693f7b9d,
1500-1599,1598 - Puy (France),Excluded — no locatable site identified,research_findings excluded 709b1996-ebb4-4239-9684-414d49612105,
1500-1599,End of 16th c. - Molare (Italy),Excluded — no locatable site identified,research_findings excluded 9d7f48f1-654a-48c5-ad67-f470178b9297,
1500-1599,1550 - Granada (Spain),Excluded — no locatable site identified,research_findings excluded 29bbace0-6caa-4439-9707-9b23731a0bfa,john-of-god
1500-1599,1550 - Lisbon (Portugal),Excluded — no locatable site identified,research_findings excluded 5284209b-52a4-4cf5-98df-cdd281bd7ed9,
1500-1599,1559 - Monomotapa (Rhodes),Excluded — no locatable site identified,research_findings excluded ad04f97e-2f06-4323-b42f-9917f53ffeff,
1500-1599,1568 - Amendolara (Calabria),Excluded — no locatable site identified,research_findings excluded e4e18727-207e-4618-b997-e5af32a305f1,
1500-1599,"1568 - Ancona (Marche, Italy)",Excluded — no locatable site identified,research_findings excluded 65bc258a-b56d-4733-935d-0e7feff07b02,
1500-1599,1569 - Faenza (Marche),Excluded — no locatable site identified,research_findings excluded 73a6e8f1-7878-409e-ac62-e99c860e20af,
1500-1599,1569 - Máriagyüd (Hungary),Queued for approval (MiracleHunter link added this pass — was missing; entry was omitted from the first extraction pass because its year wasn't bold-formatted in the source table — caught on a full re-scan before finalizing),research_findings candidate d981f0de-ce1b-465c-9620-b389a460776f,
1500-1599,1570 - Seville (Spain),Excluded — no locatable site identified,research_findings excluded e7d40cbc-fe7e-49f6-a1f4-9e8f77441718,
1500-1599,1573 - Languedoc (France),Excluded — no locatable site identified,research_findings excluded 0f2d033d-84a6-4f88-be95-7961da5c520e,
1500-1599,1576 - Nursia (Italy),Excluded — no locatable site identified,research_findings excluded 7892c5c4-385f-4b82-ab79-39cdc7a32f06,
1500-1599,1581 - Lowen (Belgium),"Excluded — no locatable site identified (distinct from the 1543 Lowen/Cornelius Wischaven entry above — different visionary, Fr. Henry Calstro, OP)",research_findings excluded 102e407c-1511-4503-8db9-096e7da9f7c8,
1500-1599,1582 - Plouguerneau (France),Excluded — no locatable site identified,research_findings excluded b42cd878-0eae-4a6a-b544-5910a9e217ad,
1500-1599,1595 - Dijon (France),Excluded — no locatable site identified,research_findings excluded d854b2c2-7325-4f57-84da-477a064b7e8a,
1500-1599,1597 - Fribourg (Switzerland),Excluded — no locatable site identified,research_findings excluded dc7c2070-03fc-4877-8919-aff5e039c26b,peter-canisius
1600-1699,1600 - Bruges (Belgium),Excluded — no locatable site identified,research_findings excluded 7f724ed5-2a0e-4611-adef-cb66848b861c,
1600-1699,1600 - Concepcion (Chile),Excluded — no locatable site identified,research_findings excluded caad30c8-c820-472b-8ac0-60d12f31c83f,
1600-1699,"1600 - Mariahilf, Passali (Germany)",Queued for approval (MiracleHunter link added this pass — was missing),research_findings candidate 925f88fa-d269-46ee-b755-24ef11f5adf7,
1600-1699,1600 - Palma de Mallorca (Spain),Excluded — no locatable site identified,research_findings excluded 59d7bfd5-f5c1-40aa-81d2-5dd5d9af4c28,
1600-1699,1601 - Aljubarrota (Portugal),"Queued for approval (cross-page duplicate: same shrine already logged on the 1300-1399 CSV as its own ""Aljubarrota"" entry — Chapel of Our Lady of the Light, Fonte Santa, near Coz, Alcobaça; MiracleHunter link already present from that pass)",research_findings candidate a68d3bc9-61b4-4907-b4dd-03ac1e5eb403,
1600-1699,1601 - San Severino (Italy),Excluded — no locatable site identified,research_findings excluded b1818e22-20f3-4446-bbfc-6fc58959e316,
1600-1699,1601 - Brune (France),Excluded — no locatable site identified,research_findings excluded 872ec661-1f89-4538-a2f1-3ec341b49c15,
1600-1699,1601 - Aleth (France),Excluded — no locatable site identified,research_findings excluded fca38fab-341c-47d2-9595-8998b0649ac9,
1600-1699,1602 - Lampedusa (Italy),Queued for approval (MiracleHunter link added this pass — was missing),research_findings candidate 3f9247ee-9835-4f72-951e-45071985a996,
1600-1699,1602 - Rome (Italy),Excluded — no locatable site identified,research_findings excluded 4a399330-b1de-43d8-9e86-540b7dfcc22f,
1600-1699,1602 - Verdun (France),Excluded — no locatable site identified,research_findings excluded 563f40c3-2a35-4c0d-9d00-32244efb979c,
1600-1699,"June 10, 1602 - Monsummano Alto, Pistoia, Tuscany (Italy)","Queued for approval (cross-page duplicate: same shrine/tradition already logged on the 1500-1599 CSV as the ""Jun 9, 1573 Monsummano Terme"" entry)",research_findings candidate 86573423-2839-4324-b47f-653ebedac842,
1600-1699,"Aug 18, 1602 - Borgo Santa Caterina (Lombardia)",Excluded — no locatable site identified,research_findings excluded 5d447618-11ec-48ba-a570-42425f2b26bd,
1600-1699,"Sept 15, 1602 - Lenola (Italy)","Queued for approval (dedicated MiracleHunter subpage link; record corrected this pass — was erroneously marked a stale duplicate with no surviving target found; it is a real, distinct, well-documented shrine, the Sanctuary of Our Lady of the Hill / Madonna del Colle)",research_findings candidate b61c2fad-8581-4d64-8d9b-01199bf3fe39,
1600-1699,1604 - Ingolstadt (Germany),Queued for approval (MiracleHunter link added this pass — was missing),research_findings candidate c709e982-cd26-46b8-958c-c9470cedc257,jakob-rem
1600-1699,1605 - Le Puy en Velay (France),Excluded — no locatable site identified,research_findings excluded 07f70efe-97fe-4d94-a09e-cd9b5b8d1542,
1600-1699,"1606 - Helligwasser, Innsbruck (Austria - Germany)",Queued for approval (MiracleHunter link added this pass — was missing),research_findings candidate 4ce55b12-a72f-41d2-8747-c734ec8419be,
1600-1699,"June 5, 1606 - Argenta (Italy)",Queued for approval (MiracleHunter link added this pass — was missing),research_findings candidate 272c7086-db40-4405-aee3-844cf3f0ee3e,
1600-1699,"June 23, 1607 - Ardesio (Italy)",Queued for approval (dedicated MiracleHunter subpage link added this pass — was missing),research_findings candidate bdf9d70f-37bf-4b4f-84ed-6c0e65c952d3,
1600-1699,1608 - Bamberg (Germany),Excluded — no locatable site identified (new excluded record written this pass — entry was missing from the prior research batch entirely),research_findings excluded 46977a13-37b1-4077-ba3d-bc341b1c0637,
1600-1699,1608 - Florence,Excluded — no locatable site identified (new excluded record written this pass — entry was missing from the prior research batch entirely; distinct from the already-covered Santa Maria degli Angeli / Mary Magdalene de'Pazzi candidate),research_findings excluded 213acaef-040b-4e06-8e05-7f82d513faf6,
1600-1699,1608 - Paris (France),Excluded — no locatable site identified (new excluded record written this pass — entry was missing from the prior research batch entirely),research_findings excluded bf434a0b-f649-4a26-bdc3-f9c8befa438c,
1600-1699,1608 - Siluva (Lithuania),"Approved, in sites (MiracleHunter itself notes BISHOP APPROVED WITH VATICAN RECOGNITION; a proposed_modification research row is pending separate review, no action needed here — tag and link already complete)",https://orbisdei.org/site/lt-siluva-basilica-of-the-nativity-of-the-blessed-virgin-mary,
1600-1699,1608 - Sanlúcar de Barrameda (Spain),Excluded — no locatable site identified (new excluded record written this pass — entry was missing from the prior research batch entirely; one-line entry with no narrative content),research_findings excluded 699b4d61-ae92-49b4-a616-27b8c0878571,
1600-1699,July 1608 - San Bartolomeo al Mare (Italy),Queued for approval (MiracleHunter link added this pass — was missing),research_findings candidate 1fa238cd-36b6-4910-8cfd-ee5c4bdabba3,
1600-1699,1609 - Bordeaux (France),Excluded — no locatable site identified,research_findings excluded 44618a18-9ed5-4bde-bbff-4941e6e84bd1,
1600-1699,1609 - Rome (Italy),Excluded — no locatable site identified,research_findings excluded f0e81bec-8dfa-409a-96af-68b1bf039103,
1600-1699,1609 - Le Puy (France),Excluded — no locatable site identified,research_findings excluded 9476fdb9-58eb-43a6-b89c-b8b7e3f9580b,
1600-1699,1610 - Fribourg (Switzerland),Excluded — no locatable site identified,research_findings excluded 57e5ab78-60e5-4eb2-9d9b-897a07d4fc0b,
1600-1699,"1610 - Manaoag, Pangasinan (Philippines)","Approved, in sites (stale duplicate research_findings candidate row already marked duplicate by an earlier pass, pointing here; tag and MiracleHunter link on the published site are both already complete)",https://orbisdei.org/site/ph-manaoag-minor-basilica-of-our-lady-of-the-rosary-of-manaoag,
1600-1699,"1611 - Bingsacan, Taal (Philippines)","Queued for approval (MiracleHunter link added this pass — was missing; same shrine as the 1619 ""Caysasay, Taal"" entry below — recurring apparitions at one site, one candidate record, two MiracleHunter rows)",research_findings candidate ee6840bf-91fe-435d-8f94-f4bba039c50f,
1600-1699,c.1610 - Saragossa (Spain),Excluded — no locatable site identified,research_findings excluded a174f84e-203c-4e9a-8826-c8b969958a5f,
1600-1699,1610 - Malta,Excluded — no locatable site identified,research_findings excluded 95d4356d-c854-40ad-bbf5-12253b494752,
1600-1699,1610 - Rome (Italy),Excluded — no locatable site identified,research_findings excluded 3e333945-d787-480b-9e30-51b598c14456,
1600-1699,1614 - Lublin (Poland),Excluded — no locatable site identified,research_findings excluded 034f0e39-3d31-496d-8207-d415f00e5134,
1600-1699,1614 - Nuremberg (Germany),Excluded — no locatable site identified,research_findings excluded c4b335d9-fa7d-4a36-9508-335ebd56fa8e,
1600-1699,1614 - Paris (France),Excluded — no locatable site identified,research_findings excluded fa3931e0-81be-4deb-91d3-105c0a50d845,
1600-1699,1616 - Philippines,Excluded — no locatable site identified,research_findings excluded 077701e5-95b0-426a-925b-614b51a302af,
1600-1699,"July 5, 1615 - Chioggia (Italy)",Excluded — no locatable site identified,research_findings excluded 22c3ab26-f20c-42bd-bef6-75043a6bbeb4,
1600-1699,1616 - Stans (Switzerland),Queued for approval (MiracleHunter link added this pass — was missing),research_findings candidate 72145992-9b6d-4f01-bd5e-77304bb7f6a4,
1600-1699,"Sept 24, 1616 - Berzo Inferiore (Italy)",Queued for approval (MiracleHunter link added this pass — was missing),research_findings candidate 7a2d6408-d687-4d92-8148-f257e1d25bbd,
1600-1699,"Feb 2, 1617 - Naples (Italy)",Excluded — no locatable site identified,research_findings excluded feed09dc-03e1-4848-a106-e5ebaaba514b,
1600-1699,"May 9, 1617 - Imbersago (Lombardy)",Queued for approval (MiracleHunter link added this pass — was missing),research_findings candidate 09e5fc5b-e086-4c8e-a172-f3c82abe947e,
1600-1699,"Aug 27, 1619 - Ribordone, Torino, Piedmont (Italy)",Queued for approval (MiracleHunter link added this pass — was missing),research_findings candidate a20bb479-ae2b-4475-bc53-b3664eaecf31,
1600-1699,"1619 - Caysasay, Taal (Philippines)","Queued for approval (MiracleHunter link added this pass — was missing; same shrine as the 1611 ""Bingsacan, Taal"" entry above)",research_findings candidate ee6840bf-91fe-435d-8f94-f4bba039c50f,
1600-1699,1617 - Lima (Peru),"Queued for approval (matched to a candidate surfaced by a separate St. Rose of Lima holy-person research pass — Basilica and Convent of Santo Domingo, which MiracleHunter's own text describes as ""Our Lady of the Rosary Church in Lima""; marian-sites tag and MiracleHunter link both added this pass — were missing)",research_findings candidate 937ddfa8-4f95-4ee1-883a-37da5548b70b,"rose-lima, martin-de-porres"
1600-1699,"1620 - Alessandria della Rocca, Sicily (Italy)",Queued for approval (MiracleHunter link added this pass — was missing),research_findings candidate bae4735a-fe23-4e1f-8229-ad22cd0b877b,
1600-1699,1620 - Alcoy (Spain),Excluded — no locatable site identified,research_findings excluded 0cf2d7b1-5169-4252-98b0-3bbdfcc69e64,
1600-1699,Feb 1623 - Castel San Pietro (Italy),Excluded — no locatable site identified,research_findings excluded 77fd63ad-520e-4960-b6a8-6a64f3280416,
1600-1699,"June 21, 1623 - Bosentino (Italy)",Excluded — no locatable site identified,research_findings excluded 0dee62c3-f847-4e64-9638-af349289b340,
1600-1699,"June 21, 1623 - Ozegna (Italy)",Queued for approval (MiracleHunter link added this pass — was missing),research_findings candidate e6e3e17d-31de-4058-9f2b-cf85d5face56,
1600-1699,1623 - Paris (France),Excluded — no locatable site identified,research_findings excluded 4598add5-b16d-43f5-b56e-ed84dc34488f,
1600-1699,1624 - Goa (India),Excluded — no locatable site identified,research_findings excluded 20dac820-80fc-4aae-b079-0b5a47cbdf12,
1600-1699,1625 - Quimper (France),Excluded — no locatable site identified,research_findings excluded e452c277-fe0f-40e9-aa10-a0c38d549ea4,
1600-1699,"1625 - Santa Fe, NM (USA)",Queued for approval (MiracleHunter link added this pass — was missing),research_findings candidate 9d88152f-6eb2-48eb-a666-00314341899a,
1600-1699,1625 - Paris (France),Excluded — no locatable site identified,research_findings excluded 7be4e5f8-6f84-42ee-b0f7-7ce9e97516c6,
1600-1699,1627 - Langeac (France),Excluded — no locatable site identified,research_findings excluded 1de31606-0fdf-4e65-ac39-6398cc067674,
1600-1699,1629 - Maria Bildstein (Austria),Queued for approval (MiracleHunter link added this pass — was missing),research_findings candidate 171354ab-533e-4a79-85e9-870e43b7f135,
1600-1699,1630 - São Vicente de Aljubarrota (Portugal),Queued for approval (MiracleHunter link added this pass — was missing),research_findings candidate a2a4f96a-3bb8-4915-9f8e-1103f5d0cc91,
1600-1699,1630 - Lure (France),Queued for approval (MiracleHunter link added this pass — was missing),research_findings candidate 731f50ae-dd42-4462-a7b6-ac755a2a2f5b,
1600-1699,"June 1, 1630 - Leini, Torino, Piedmont (Italy)",Queued for approval (MiracleHunter link added this pass — was missing),research_findings candidate dd619353-2174-480d-a214-ebc7ff31fc4c,
1600-1699,"Sept 30, 1630 - Forno Alpi Graie (Italy)","Queued for approval (MiracleHunter link added this pass — was missing; matched via Groscavallo, the town MiracleHunter's own text names)",research_findings candidate bb01c978-9aa4-4505-857f-97b5d408a034,
1600-1699,"1630 - Gandos di Galleno (Italy, Lombardy, Diocese of Brescia)",Not previously ingested — written as new lead this pass (entry was missing from the prior research batch entirely; web-verified real shrine — Madonna del Rosario di Gandòs at the Church of St. Bartholomew),research_findings lead 04c6d4c6-905f-48c2-b31a-c17a8699bb0b,
1600-1699,1631 - Naples (Italy),Excluded — no locatable site identified,research_findings excluded e7ecd0e9-7b49-4b47-af2a-27608dd5f15b,
1600-1699,"1632 - Cavite City, Cavite (Philippines)",Queued for approval (MiracleHunter link added this pass — was missing),research_findings candidate 6f932102-da61-4105-8d55-3f56c9f753c6,
1600-1699,1632 - Japan,Excluded — no locatable site identified,research_findings excluded 0012f6cb-32d7-43d0-b499-8a37e1511391,
1600-1699,1633 - Constance (Germany),Queued for approval (MiracleHunter link added this pass — was missing),research_findings candidate 252fa1fa-cd5a-43ad-9575-49bb9f2ebbfb,
1600-1699,1633 - Lake Huron (Canada),Excluded — no locatable site identified,research_findings excluded 9a9b1e7b-1494-4988-9ce1-48ede3c18725,
1600-1699,"May 19, 1634 - Guiclan (France)",Excluded — no locatable site identified,research_findings excluded 06819b74-14fa-44cb-a2a6-3aea0d9aee55,
1600-1699,"Feb 2, 1634 - Quito (Ecuador)","Queued for approval (cross-page duplicate: same apparition already logged on the 1500-1599 CSV as the ""1594 Quito"" entry — MiracleHunter's own text here notes ""some sources put first apparition date at 1594""; also BISHOP APPROVED per MiracleHunter's own page)",research_findings candidate 276096a8-cf23-4602-ab81-5fa3a5c5158e,
1600-1699,"March 17, 1635 - Bargemon (France)",Queued for approval (MiracleHunter link added this pass — was missing),research_findings candidate 7ac8f954-1e6d-4dfe-bef1-491b74d06a0e,
1600-1699,1636 - Sinopoli (Calabria),Excluded — no locatable site identified,research_findings excluded 2ed6b049-d748-41d3-8d31-86db6c45870e,
1600-1699,"1637 - Ajaccio, Corsica (France)",Excluded — no locatable site identified,research_findings excluded d81722c4-3557-49f2-9f62-dff4aad32b52,
1600-1699,"Nov 3, 1637 - Frejus (France)","Queued for approval (cross-page duplicate: MiracleHunter's own 1500-1599 page also lists this event as the 1519 Catignac/Cotignac entry, already MiracleHunter-linked from that pass; this row's own markup carried a stray/bogus link to an unrelated Senegal shrine URL — ignored, real record cited instead)",research_findings candidate 0d965ccd-e23c-4613-a831-3640b0b4290e,
1600-1699,1638 - Prague (Czechoslovakia),Queued for approval (MiracleHunter link added this pass — was missing),research_findings candidate caaa7c76-c718-4511-9b36-fca8111ec328,
1600-1699,1640 - Beaune (France),Excluded — no locatable site identified,research_findings excluded 065c189b-19ba-43db-ad0e-540971f6c678,
1600-1699,1639 - Savigliano (Italy),Excluded — no locatable site identified,research_findings excluded 0ef0eb9e-1ba7-45db-8ace-1d5f2d1b1641,
1600-1699,1640 - Montagnolo-Pinnochio (Italy),Excluded — no locatable site identified,research_findings excluded b6c971b3-99b5-4a83-b557-48180aeac254,
1600-1699,1640 - Cast (France),Excluded — no locatable site identified,research_findings excluded 5888edd4-f445-43c4-9b44-e6613100632a,
1600-1699,1641 - Palizi (Russia),Excluded — no locatable site identified,research_findings excluded ca3f07f5-76e1-4632-9ff7-5910406a3701,
1600-1699,"1641 - Cursi, Puglia (Italy)",Queued for approval (dedicated MiracleHunter subpage link already present),research_findings candidate 84dba800-6a69-4a91-8fc4-41b6d50c0902,
1600-1699,"1642 - ""Our Lady of the Annunciation"" Jesuit Reduction (Uruguay)",Excluded — no locatable site identified,research_findings excluded 0747a375-a0f6-40b8-bd6c-d6cb2e9ad998,
1600-1699,1642 - Maria Taferl (Austria),Queued for approval (MiracleHunter link added this pass — was missing),research_findings candidate c964bbdc-50e0-4b21-86ad-cd482113067c,
1600-1699,1646 - Lake Huron (Canada),Excluded — no locatable site identified,research_findings excluded 8c080aa5-bf29-4b65-9d94-6a6a7aa26ef6,
1600-1699,1647 - Buenos Aires (Argentina),Excluded — no locatable site identified,research_findings excluded a3c00973-4b48-4218-8b0b-e5ad3b60289e,
1600-1699,"July 10, 1647 - Ponzano Magra (Italy)","Queued for approval (within-page duplicate of the ""Aug 23, 1648 Corigliano Calabro"" entry below — identical title ""Our Lady of Schiavonea,"" one candidate record)",research_findings candidate c09bf5d3-9d0b-4535-8fce-9194583456ed,
1600-1699,"Aug 23, 1648 - Corigliano Calabro (Italy)",Queued for approval (MiracleHunter link added this pass — was missing),research_findings candidate c09bf5d3-9d0b-4535-8fce-9194583456ed,
1600-1699,1649 - Naples (Italy),Excluded — no locatable site identified,research_findings excluded 23228263-f872-40f4-836b-a9836d58eeb1,
1600-1699,1649 - Paris (France),Excluded — no locatable site identified,research_findings excluded 1e74801c-0d7c-4c47-b4bc-63198497cbdc,
1600-1699,1649 - Plounévez-Quentin (France),Excluded — no locatable site identified,research_findings excluded 4893db0f-181b-44fd-9e50-0a6ae53ff18e,
1600-1699,"March 20, 1651 - Turin (Italy)",Excluded — no locatable site identified,research_findings excluded dc5d5fb8-e069-49e6-8976-985faf607cd2,
1600-1699,1652 - Coromoto (Venezuela),Queued for approval (cross-page duplicate: same shrine already surfaced by an earlier general research pass),research_findings candidate 40707a06-4e35-4884-9c5c-89deb7130cfe,
1600-1699,1652 - Campénéac (France),Excluded — no locatable site identified (new excluded record written this pass — entry was missing from the prior research batch entirely),research_findings excluded 7bf767b7-07c5-4ed0-ae88-00b3ceebede2,
1600-1699,"Aug 15, 1652 - La Prénessaye, Querrien, Bretania, diocese of Saint-Brieuc (France)",Queued for approval (dedicated MiracleHunter subpage link already present),research_findings candidate bc12da04-c4f9-4db7-adc1-98a53acaa103,
1600-1699,"July 2, 1654 - Colere (Italy)",Queued for approval (MiracleHunter link added this pass — was missing),research_findings candidate 17372808-aee0-41f8-b23f-8cf49b25b514,
1600-1699,"1655 - Pieve di Rosa, San Vito al Tagliamento (Italy)",Queued for approval (MiracleHunter link added this pass — was missing),research_findings candidate 7849bcf2-75d1-401c-81a0-7e5df720f7ae,
1600-1699,March 25 (1649/1657) - Les Plantees (France),Queued for approval (MiracleHunter link added this pass — was missing),research_findings candidate 3e8df914-1d93-414a-add0-1ab6dde68510,
1600-1699,"1660 - Ancienne Lorette, Quebec (Canada)",Excluded — no locatable site identified,research_findings excluded 1390bec7-4006-4427-8c98-90c5eb7f7c8b,
1600-1699,1660 - Malta,Excluded — no locatable site identified,research_findings excluded df5ae832-677c-45d4-b542-f4a186081e4a,
1600-1699,1660 - Trun (Switzerland),Queued for approval (MiracleHunter link added this pass — was missing),research_findings candidate 08382fbd-81f0-4753-9da9-12219d2f5fd4,
1600-1699,"1661 - Mariahilfberg, Gutenstein (Austria)",Queued for approval (MiracleHunter link added this pass — was missing),research_findings candidate 9ed07ab5-2808-4d1e-9280-e17baef205b2,
1600-1699,1663 - Birkenstein (Germany),Queued for approval (MiracleHunter link added this pass — was missing),research_findings candidate ec4b6f90-2da7-4b54-a262-806a078aca01,
1600-1699,1664 - Le Laus (France),"Approved, in sites (proposed_modification research row pending separate review, no action needed here — tag and link already complete)",https://orbisdei.org/site/fr-saint-etienne-le-laus-sanctuary-of-our-lady-of-laus,
1600-1699,1665 - Agreda (Spain),Queued for approval (MiracleHunter link added this pass — was missing),research_findings candidate c7d6d8fb-e3ae-4043-8172-b52d4d6851ca,maria-de-agreda
1600-1699,1667 - Mary Tax (Austria),Queued for approval (MiracleHunter link added this pass — was missing),research_findings candidate c8b3e389-d136-4238-a641-6045fdef7f80,
1600-1699,1664-1727 - Mercatello sul Matauro,Queued for approval (MiracleHunter link added this pass — was missing),research_findings candidate c35349df-7ae9-4f66-8b4d-261d2ebf8a35,veronica-giuliani
1600-1699,April 1668 - Pancole (Italy),Queued for approval (MiracleHunter link added this pass — was missing),research_findings candidate 8d9bd74c-bad4-4713-8fce-aa073546e595,
1600-1699,"April 18,1671 - San Bartolomeo al Mare (Italy)",Queued for approval (within-page duplicate of the July 1608 San Bartolomeo al Mare entry above — same shrine),research_findings candidate 1fa238cd-36b6-4910-8cfd-ee5c4bdabba3,
1600-1699,"1673 - Janots, Paray-Le-Monial / Lauthecour (France)",Excluded — no locatable site identified,research_findings excluded ac2e50b5-a808-40ee-8642-a8c86307b7b9,
1600-1699,"c.1673 - Agnie, Québec (Canada)",Excluded — no locatable site identified,research_findings excluded dbb16eb0-2174-448a-ad45-1ee93e549ef5,
1600-1699,"March 26, 1675 - Bianzone (Italy)",Queued for approval (MiracleHunter link added this pass — was missing),research_findings candidate 64362272-a754-4739-9a8c-009703e243fe,
1600-1699,1675 - Pochayiv (Ukraine),"Queued for approval (cross-page duplicate: same candidate record already cited on the 1100-1199 CSV as the founding-apparition entry; this page's 1675 Zbarazh War apparition is a second, later event at the same monastery, already documented in the candidate's own description)",research_findings candidate 151b4c13-f44c-48a5-ba6a-5363e9f073e9,
1600-1699,"1677 - Alcobendas, España",Excluded — no locatable site identified,research_findings excluded 5f890ab6-2e6f-4759-b6dd-b59756f6f868,
1600-1699,"April 17, 1677 - Torre di Ruggiero (Italy)",Queued for approval (MiracleHunter link added this pass — was missing),research_findings candidate 959f5d98-df51-4bb2-bddb-045f8f33b377,
1600-1699,"May 28, 1686 - Celles, Ariege (France)",Not previously ingested — written as new lead this pass (lower confidence — MiracleHunter's own detailed text names no resulting built structure; flagged for review),research_findings lead 51d57c2b-5dc4-4d7c-a6e0-ad2bdd5fd234,
1600-1699,1692 - THE GIAUDET-LANRIVAIN (BELGIUM),"Not previously ingested — written as new lead this pass (MiracleHunter's own text garbles the country as ""Belgium""; corrected to France per the entry's own wording, ""diocese of Saint-Brieuc"" — real, identifiable shrine, Chapelle Notre-Dame du Guiaudet)",research_findings lead 74dfe8ae-9353-441d-b742-f5c5fc098468,
1600-1699,"Jan 9, 1692 - Messina, Sicily, Italy",Not previously ingested — written as new lead this pass (medium confidence — MiracleHunter's text does not explicitly name Messina Cathedral but the Madonna della Lettera devotion described is inseparable from it),research_findings lead b561ba4c-02fd-4ff3-a15b-53234758b95e,
1600-1699,"Nov 13, 1695 - Santa Rosa, Ambato, Tungurahua, Ecuador",Not previously ingested — written as new lead this pass,research_findings lead 6789ecc5-bf29-4951-9490-531510ebff60,
1600-1699,1696 - Quito (Ecuador),"Not previously ingested — written as new lead this pass (distinct from the other two Quito entries on this page — Feb 1634 Mother Mariana de Jesus Torres, and Dec 1696 Nuestra Señora de la Nube below)",research_findings lead 8025d3fd-8fda-44f8-8d1e-0f6e2b08f37d,
1600-1699,"1696 - Ellwangen, WÚTTENBERG (GERMANY)",Not previously ingested — written as new lead this pass,research_findings lead d6c44494-8c92-44ae-ba16-fe2042e68868,
1600-1699,SLJMEG (HUNGARY),"Not previously ingested — written as new lead this pass (garbled place name ""SLJMEG"" corrected to Sümeg per the entry's own text; medium confidence — the specific Pieta-relocation legend was not independently corroborated beyond MiracleHunter's own account, though Sümeg's pilgrimage church is real and well documented)",research_findings lead d6b4945e-d731-4e77-bec7-b4d14749df71,
1600-1699,"January 27, 1699 - Castenaso (italy)",Not previously ingested — written as new lead this pass,research_findings lead 01291c00-dd7f-4506-a852-3247e92a99d0,
1700-1799,1700 - Germany (Ven. Bartolomeo Holzhauser),"Excluded — no locatable site identified (new excluded record written this pass — bare country name only, no city/structure named)",research_findings excluded a68a7442-9f5d-4320-bda0-46614a070372,
1700-1799,1700 - S. Severino Lucano (Italy),Queued for approval (MiracleHunter link added this pass — was missing),research_findings candidate 9af85efd-1b7d-454e-8c61-dcb54b91eac4,
1700-1799,ca. 1700 - Poponguine (Senegal),Not previously ingested — written as new lead this pass,research_findings lead 3c735321-9f5c-4aac-99b9-268608a3b454,
1700-1799,1700? - Quillacollo/Urkupiña (Bolivia),Queued for approval (MiracleHunter link added this pass — was missing),research_findings candidate 74dbc943-0e56-4ef2-a308-a4641269bc20,
1700-1799,"January 25, 1704 - Florida (USA) — Antonio Cuipa","Not previously ingested — written as new lead this pass (low confidence — flagged for review; Ayubale itself has no confirmed distinct locatable site, nearest well-documented associated site cited instead)",research_findings lead 6971c975-926a-442a-b434-e992ce73dc75,
1700-1799,August 1705 - Capurso (Italy),Queued for approval (MiracleHunter link added this pass — was missing),research_findings candidate 8998f604-10d9-4006-93f6-5811e12fb717,
1700-1799,1707 - Kötschach (Austria),Queued for approval (MiracleHunter link added this pass — was missing),research_findings candidate a1cee80f-f3ed-47f3-8662-f31f5f94d49b,
1700-1799,1708 - Bischwind (Germany),"Untraceable (real votive chapel — Maria Hilf, Bischwind — exists, but independent research could not confirm an actual documented Marian apparition beyond the founding thanksgiving-chapel legend; MiracleHunter link added this pass)",research_findings excluded 70acf033-c444-4d08-8c11-cbf623d52cab,
1700-1799,1709 - Forêt de la Madeleine (France),Excluded — no locatable site identified (MiracleHunter link added this pass — was missing),research_findings excluded 5b53ee40-ac62-4271-bc14-c3800cf92ef9,
1700-1799,"1710 and on - Ovada, Castellazzo (Italy) — St. Paul of the Cross",Queued for approval (dedicated MiracleHunter subpage link added this pass — was missing),research_findings candidate fe24749a-72ba-4c02-826e-c9715573caf8,
1700-1799,1712 - Slowczk/Solovetsky (Russia),Not previously ingested — written as new lead this pass (medium confidence — monastery real and well documented; the specific apparition-to-a-monk claim was not independently corroborated beyond MiracleHunter's own account),research_findings lead bcfe249a-caed-4a29-988e-526628d03460,
1700-1799,1716 - Peterwardein/Petrovaradin,"Untraceable (real votive church — Our Lady of Snow, Petrovaradin — exists, but independent sources describe it as commemorating a battle-date coincidence with the Feast of Our Lady of the Snows, not a documented apparition; marian-sites tag removed and MiracleHunter link added this pass for consistency)",research_findings excluded 34be6a6e-a9de-4448-9b75-ffb085c70c87,
1700-1799,"October 1, 1711 - Valverde (Italy) — Paolo Ogna & Francesco Pellizzari","Approved, in sites (tag and MiracleHunter link already complete)",https://orbisdei.org/site/it-rezzato-sanctuary-of-our-lady-of-valverde,
1700-1799,"August 18, 1713 and August 20, 1714 - Rubiana (Italy)",Queued for approval (MiracleHunter link added this pass — was missing),research_findings candidate 2a7949e5-1c17-4b3a-af7d-08989c085fa1,
1700-1799,"August 14, 1715 - Sinj (Croatia)",Queued for approval (MiracleHunter link added this pass — was missing),research_findings candidate dc555f9b-c6e7-4905-ab1b-e5b5f08b53dc,
1700-1799,"August 4, 1716 - Pellestrina (Italy)",Queued for approval (MiracleHunter link added this pass — was missing),research_findings candidate f511a1da-5897-42ae-85f1-ad5cdcc36b20,
1700-1799,1716 - Mercatello sul Metauro (Italy) — St. Veronica Giuliani,"Queued for approval (cross-page duplicate: same visionary/tradition already logged on the 1600-1699 CSV as the ""1664-1727 Mercatello sul Matauro"" entry — Monastery of St. Veronica Giuliani, Città di Castello; MiracleHunter link already present from that pass; a separate stale ""no site found"" duplicate record for this same claim closed this pass)",research_findings candidate c35349df-7ae9-4f66-8b4d-261d2ebf8a35,veronica-giuliani
1700-1799,"July 2, 1717 - Lescure (France)",Queued for approval (MiracleHunter link added this pass — was missing),research_findings candidate 983de713-e757-4d67-b10d-31068a92e369,
1700-1799,October 1717 - São Paulo (Brazil) — Our Lady of Aparecida,"Approved, in sites (MiracleHunter link added this pass — was missing; stale duplicate research_findings candidate closed)",https://orbisdei.org/site/br-aparecida-national-shrine-of-our-lady-aparecida,
1700-1799,Altenhohenau (Germany) — Columba Weigl,Not previously ingested — written as new lead this pass,research_findings lead b7634145-c16b-4b62-b1e2-7d0958e4b012,
1700-1799,"1722 - Persquen, Morbihan (France)",Queued for approval (MiracleHunter link added this pass — was missing),research_findings candidate cda56cb5-1c27-4687-b955-6d5deb80b0d8,
1700-1799,"July 9, 1722 - Maserada sul Piave, Treviso (Italy)",Queued for approval (MiracleHunter link added this pass — was missing),research_findings candidate e3c6015e-5ff4-4790-9c12-8345d67fbf0f,
1700-1799,"May 14, 1729 and May 26, 1730 - Montagnaga di Pinè (Trento, Italy)",Queued for approval (cross-page duplicate: MiracleHunter itself cross-lists this apparition as Bishop Approved; already logged as a lead from that pass with dedicated MiracleHunter link; a duplicate candidate record from a generic Italy pass closed this pass),research_findings lead 8a0fbe44-f55a-4992-a974-c216fa361db9,
1700-1799,"1729 - Pine, Trentino Alto Adige (Italy)","Queued for approval (within-page duplicate of the ""Montagnaga di Pinè"" entry above — same sanctuary/founding tradition, MiracleHunter's own text gives two slightly different versions)",research_findings lead 8a0fbe44-f55a-4992-a974-c216fa361db9,
1700-1799,1737 - Neunkirchen (Austria),Untraceable (a genuine 15th-century Marienkapelle exists at Neunkirchen — renovated in 1737 — but no apparition or other qualifying Marian event could be independently corroborated for that year; MiracleHunter link added this pass),research_findings excluded 0c7de1f5-d8c7-4450-ab84-d44116d32466,
1700-1799,1740 - Rome (Italy) — Madonna of Divine Love,"Untraceable (real, major, standing shrine — Santuario della Madonna del Divino Amore — but per the record's own sourced research this is a miraculous-image protection legend, not a personal Marian apparition; reclassified from candidate to excluded and marian-sites tag removed this pass for consistency with the audit's established handling of uncorroborated apparition claims at real sites; MiracleHunter link added)",research_findings excluded 5326a257-14da-4a82-a8a3-f27890aad0ef,
1700-1799,1747 - Bois-de-la-Roche-en-Néant (France),Excluded — no locatable site identified (MiracleHunter link added this pass — was missing; appears to be an empty placeholder in MiracleHunter's own catalogue),research_findings excluded 46afb061-5153-4b49-85a7-e8b2fd6755e9,
1700-1799,1765 - Potschaiw/Pochaiv (Ukraine),Queued for approval (cross-page duplicate: same monastery — Pochaiv Lavra — already logged on the 1100-1199 CSV with a MiracleHunter link; this page's 1765 Turkish-army event is a third apparition tradition at the same site),research_findings candidate 151b4c13-f44c-48a5-ba6a-5363e9f073e9,
1700-1799,"1750 - Chaguaya, Tarija (Bolivia)",Queued for approval (MiracleHunter link added this pass — was missing),research_findings candidate 65c02862-3f10-4489-83c9-5125dd2d9028,
1700-1799,October 1753 - Gimigliano (Italy),Queued for approval (MiracleHunter link added this pass — was missing),research_findings candidate 0a5c0cce-5787-4bbd-8b4a-6ea26c5c5235,
1700-1799,1754 - Guaitara Canyon (Colombia) — Our Lady of Las Lajas,"Approved, in sites (tag and MiracleHunter link already complete)",https://orbisdei.org/site/co-potosi-basilica-of-our-lady-of-las-lajas,
1700-1799,"April 19, 1759 - Mariabesuyú/Máriabesnyő (Hungary)",Not previously ingested — written as new lead this pass,research_findings lead 547f2a0b-5fa1-4678-82c1-6a6e81894fe6,
1700-1799,1769 - France (Marie Lenormand),"Excluded — no locatable site identified (new excluded record written this pass — bare country name only, no city/structure named)",research_findings excluded 63922056-16af-4119-944b-77216a5af688,
1700-1799,"1777 - Valley Forge, Pennsylvania (USA) — George Washington",Excluded — no locatable site identified (new excluded record written this pass; flagging that this account never actually names or describes the Virgin Mary and is widely regarded as an apocryphal 1859 newspaper legend — doubtful this belongs on a Marian apparitions list at all),research_findings excluded 95fc56c6-ea71-4cfc-adb2-b2ee2ce51d76,
1700-1799,1779 - Bocca Pignone di Ripalta (Italy) — Madonna della Ghianda,Not previously ingested — written as new lead this pass,research_findings lead 1f425a61-ef94-4bd3-97d9-eee067bdf4fb,
1700-1799,1779 - Sarov (Russia) — St. Seraphim of Sarov,Queued for approval (MiracleHunter link added this pass — was missing),research_findings candidate fb711957-7077-4cd4-9d8a-ee5e17e5c4ef,
1700-1799,"1783 - Dülmen, Westphalia (Germany) — St. Anne Catherine Emmerich",Untraceable (real convent/visionary — Anne Catherine Emmerich at the Agnetenberg convent — but independent research found no corroboration for a specific 1783 apparition; her documented visions/stigmata began in 1812. MiracleHunter link added this pass),research_findings excluded cd5582ba-56fd-45a1-86ae-fca258e9b229,
1700-1799,1791 - Bordeaux (France) — Bl. Guillaume-Joseph Chaminade,Excluded — no locatable site identified (MiracleHunter link added this pass — was missing; no documentation found for any 1791 Marian apparition/claim in Bordeaux — genuine Bordeaux apparition claims exist only for other years),research_findings excluded a1a282b2-c54f-4d24-a906-82d08414b0d3,
1700-1799,1792 - Doroszlo (Hungary) — János Zavloczki,"Not previously ingested — written as new lead this pass (existing research_findings row was mis-scoped to a different country batch and incorrectly excluded — real site is Doroslovo, Sombor municipality, Serbia, part of the historic Kingdom of Hungary in 1792; reclassified from excluded to lead this pass with tag and MiracleHunter link added)",research_findings lead 56fb564c-9f56-4b1e-abbe-6388945a12b9,
1700-1799,1790 - Matemblewo (Poland),Queued for approval (MiracleHunter link added this pass — was missing),research_findings candidate c4e3f533-f6f7-43de-89a0-b9c0fa149227,
1700-1799,1798 - LaVang (Vietnam),"Approved, in sites (tag and MiracleHunter link already complete)",https://orbisdei.org/site/vn-hai-lang-basilica-of-our-lady-of-la-vang,
1800-1899,July 1803 - Villanova d'Asti (Italy),Queued for approval,research_findings candidate b4d7d9e6-9dec-47f6-8825-e4559cfb4c80,
1800-1899,1807 - Rome (Italy),Not previously ingested — written as new lead this pass,research_findings lead 063b0fcb-b9e6-4758-be1e-a6e95de213dc,
1800-1899,1806 - GRUSHEV (UKRAINE),Not previously ingested — written as new lead this pass,research_findings lead 4358b6e2-a60b-4f8a-9605-dcba436b7bbd,
1800-1899,1813 - Leipzig / Lichen (Poland),"Approved, in sites (duplicate MiracleHunter table row citing the same Lichen sanctuary as idx 37 below (2nd apparition tradition at same site); MiracleHunter link on this record was previously misdirected to Gietrzwald's page -- corrected this pass)",https://orbisdei.org/site/pl-lichen-sanctuary-of-our-lady-of-lichen,
1800-1899,1820 - Lescouët-Gouarec (FRANCE),Queued for approval (MiracleHunter link and/or marian-sites tag added this pass -- was missing),research_findings candidate c201c1a4-3371-425a-995a-3996989734e1,
1800-1899,Feb 1821 - Tinos (Greece),Queued for approval (MiracleHunter link and/or marian-sites tag added this pass -- was missing),research_findings candidate 45a9a0c5-92f5-4274-8d07-1fdefcdcf661,
1800-1899,1821 - Vallecorsa (Italy),Queued for approval (MiracleHunter link and/or marian-sites tag added this pass -- was missing),research_findings candidate 142207c8-479c-4fc7-8751-8362d0950a3c,
1800-1899,1829 - Sallent (SPAIN),Queued for approval (MiracleHunter link and/or marian-sites tag added this pass -- was missing),research_findings candidate dee62819-623a-4377-a1fd-c6907880d7be,
1800-1899,1830 - MIMBASTE (FRANCE),Excluded — no locatable site identified (MiracleHunter link and/or marian-sites tag added this pass -- was missing),research_findings excluded 6ec93982-f546-4aa1-a4b8-ea664d9dd147,
1800-1899,"1830 - Rue du Bac, Paris (France)","Approved, in sites",https://orbisdei.org/site/fr-paris-chapel-of-our-lady-of-the-miraculous-medal,"St. Catherine Laboure, DC; St. Louise de Marillac, DC; St. Vincent de Paul, CM; Holy Persons"
1800-1899,1833 - Bous-Septfontaines-CLAIRE FONTAINES (FRANCE),Not previously ingested — written as new lead this pass,research_findings lead 81690de5-5ab1-4dab-82e8-dec097ffb561,
1800-1899,1835 - TRINITAPOLI (Apulia),Excluded — no locatable site identified (MiracleHunter link and/or marian-sites tag added this pass -- was missing),research_findings excluded 97e241bf-85c8-42c0-800c-5647f023766c,
1800-1899,1831 - Laurignano (Italy),Queued for approval (MiracleHunter link and/or marian-sites tag added this pass -- was missing),research_findings candidate 8380bdee-16a3-423e-a9bd-5520cb0f4595,
1800-1899,"Aug 31, 1831 - Guadalajara (Spain)",Queued for approval (MiracleHunter link and/or marian-sites tag added this pass -- was missing),research_findings candidate 4dd033a0-b385-40a1-90ad-32daac933872,
1800-1899,1833 - Capriana (Trentino Alto Adige),Excluded — no locatable site identified (MiracleHunter link and/or marian-sites tag added this pass -- was missing),research_findings excluded 3b49f855-a87e-43e3-b759-32f77bd1c0d4,
1800-1899,"Aug 2, 1834 - Valmala (Italy, Piemonte, diocese of Cuneo)",Queued for approval (MiracleHunter link and/or marian-sites tag added this pass -- was missing),research_findings candidate 7ed8f054-e81a-4d60-b109-d70eb1e49b77,
1800-1899,1836 - Paris (France),Queued for approval (MiracleHunter link and/or marian-sites tag added this pass -- was missing),research_findings candidate 25b21517-8a0e-45f6-b50d-f8727a461efe,
1800-1899,1836 - Siena (Italy),Excluded — no locatable site identified (MiracleHunter link and/or marian-sites tag added this pass -- was missing),research_findings excluded 94b5e036-0b85-4d99-8d95-0a5f3277131d,
1800-1899,1837 - Rome (Italy),Not previously ingested — written as new lead this pass,research_findings lead 50475f8b-b3cb-407f-92a8-683b7ece3e6a,
1800-1899,"August 6, 1839 - Casnigo (Italy)",Queued for approval (MiracleHunter link and/or marian-sites tag added this pass -- was missing),research_findings candidate b5529365-e6e8-4a7a-bc7c-13166d0509d5,
1800-1899,"Jan 28, 1840 - Blangy-Versailles (France)",Not previously ingested — written as new lead this pass,research_findings lead b9a5a0cb-4b0d-41dc-9cbd-001cb7324ff7,
1800-1899,1840 - Ars (France),Queued for approval,research_findings proposed_modification c675eedf-1e0e-4732-9dc8-c740e12305cd,john-vianney
1800-1899,"Dec 29, 1840 - NANTES (FRANCE)",Excluded — no locatable site identified (MiracleHunter link and/or marian-sites tag added this pass -- was missing),research_findings excluded d664ebbe-69ea-4333-86d4-4907bd0e8331,
1800-1899,1840 - GRAZ (AUSTRIA),Excluded — no locatable site identified (MiracleHunter link and/or marian-sites tag added this pass -- was missing),research_findings excluded 9660d685-a080-4904-8af1-2d72a637477f,
1800-1899,1841 - Montana (USA),Not previously ingested — written as new lead this pass,research_findings lead 5b60285a-ffa7-446e-99a5-ec9562a354a6,
1800-1899,"Jan 20, 1842 - Rome (Italy)","Approved, in sites",https://orbisdei.org/site/it-rome-santandrea-delle-fratte-st-andrew-of-the-thickets,"maximilian-kolbe; Fr. Marie-Alphonse Ratisbonne, NDS"
1800-1899,1842 - Celles (Belgium),Excluded — no locatable site identified (MiracleHunter link and/or marian-sites tag added this pass -- was missing),research_findings excluded c2e59f25-aa10-408b-82ab-988a9918340e,
1800-1899,1844 - Tours (France),Excluded — no locatable site identified (MiracleHunter link and/or marian-sites tag added this pass -- was missing),research_findings excluded 415db9b2-cd44-4232-abc4-37c0d437c989,
1800-1899,"Sept 19, 1846 - La Salette (France)","Approved, in sites",https://orbisdei.org/site/fr-la-salette-fallavaux-sanctuary-of-our-lady-of-la-salette,
1800-1899,1846 - Turin (Italy),Not previously ingested — written as new lead this pass,research_findings lead 26646c4f-2102-4bdc-b752-3e3611ed244d,
1800-1899,"March 10, 1848 - La Chaudiere (FRANCE)",Not previously ingested — written as new lead this pass,research_findings lead a44c489b-8404-4217-8ebb-45f76d50a177,
1800-1899,"May 12, 1848 - Obermauerbach, Bayern, (Bavaria)",Not previously ingested — written as new lead this pass,research_findings lead 9d869812-8940-4c7f-91e0-329a50a2b32e,
1800-1899,"May 4, 1848 - Brette (France)",Excluded — no locatable site identified (MiracleHunter link and/or marian-sites tag added this pass -- was missing),research_findings excluded b7d03757-11f5-4c98-a579-f407b12b872b,
1800-1899,"1848 - Montoussé, Hautes-Pyrenées (France)",Queued for approval (MiracleHunter link and/or marian-sites tag added this pass -- was missing),research_findings candidate 6addacf4-27bf-49ff-8346-f12fd5076081,
1800-1899,1849 - Chambéry (France),Excluded — no locatable site identified (MiracleHunter link and/or marian-sites tag added this pass -- was missing),research_findings excluded 4bbab6d3-b08b-4355-817a-5a7a53a3feb3,
1800-1899,"June 17, 1849 - MARIA DOLINA, Poggersdorf / Kamten (Austria)",Not previously ingested — written as new lead this pass,research_findings lead f46d9855-1715-4867-a048-285cb7c2bf2f,
1800-1899,c. 1850 - Saint John of Acre / Akko (Israel),Excluded — no locatable site identified (MiracleHunter link and/or marian-sites tag added this pass -- was missing),research_findings excluded a596e9fb-569d-410e-bf2a-7933a5d05d16,
1800-1899,1850 - Lichen (Poland),"Approved, in sites (duplicate MiracleHunter table row citing the same Lichen sanctuary as idx 3 above (2nd apparition tradition at same site))",https://orbisdei.org/site/pl-lichen-sanctuary-of-our-lady-of-lichen,
1800-1899,April 1850 - VATICAN CITY,No specific site/structure cited by MiracleHunter — not trackable as a database site,,
1800-1899,1851 - Savongo (Italy),Excluded — no locatable site identified (MiracleHunter link added this pass; exclusion_reason flags this as likely a mistaken duplicate reference to the Valmala sanctuary (see 1834/idx 15)),research_findings excluded 734add07-20f5-4494-a7b3-eb8589848023,
1800-1899,"May 19, 1853 - Cerreto, Tuscany (Italy) (Tuscany, Diocese of Pitigliano)",Queued for approval (MiracleHunter link and/or marian-sites tag added this pass -- was missing),research_findings candidate 91479426-debf-49ba-a810-712768e7189a,
1800-1899,1854 - LA PIERRAZ (SWITZERLAND),Queued for approval (MiracleHunter link and/or marian-sites tag added this pass -- was missing),research_findings candidate 5a3879c9-6bb9-4fef-8035-2780cb5b4281,
1800-1899,"September 8, 1855 - PORZUS DEGLI SLAVI (Italy)",Not previously ingested — written as new lead this pass,research_findings lead 358383a5-6c5a-4e0b-bdbb-96a897945faa,
1800-1899,"June 24, 1855 - Bordeaux (France)",Not previously ingested — written as new lead this pass,research_findings lead 7d693676-7301-441c-9c7b-3278397b26e9,
1800-1899,"1855 - BuuChau, QuangNam (Vietnam)",Not previously ingested — written as new lead this pass,research_findings lead 4fb8cad5-27e7-4be0-b837-5d0017392ce5,
1800-1899,1856 - Spoleto (Italy),Excluded — no locatable site identified (MiracleHunter link added this pass; a related but distinct 1861-1862 San Luca di Montafalco claim is now separately entered as a lead (see below)),research_findings excluded 0a75f51c-cc75-4bfd-b4db-119b182be5e1,
1800-1899,"1856 - Assisi, Umbria (Italy)",Excluded — no locatable site identified (MiracleHunter link and/or marian-sites tag added this pass -- was missing),research_findings excluded 49aa115a-deac-42b2-867c-08285b04cde7,
1800-1899,"June 1856 - Orere, Liguria (Italy)",Not previously ingested — written as new lead this pass,research_findings lead 67875537-f8d5-4e2b-bbc8-bed6f3dda1a9,
1800-1899,May 1857 - TORRAZZA (ITALY),Excluded — no locatable site identified (MiracleHunter link and/or marian-sites tag added this pass -- was missing),research_findings excluded df3bbcdd-feb4-4b50-ab05-f21423ed3ef7,
1800-1899,"September 18, 1858 - Abellin (PALESTINE)",Not previously ingested — written as new lead this pass,research_findings lead 1425e3d8-46a8-4876-a771-ed630a008c54,
1800-1899,"Feb 11 - July 16, 1858 - Lourdes (France)","Approved, in sites",https://orbisdei.org/site/fr-lourdes-sanctuary-of-our-lady-of-lourdes,"St. Bernadette of Lourdes, SCN; Holy Persons"
1800-1899,"1859 - Arnaud-Guilhem, Haute-Garonne (France)",Queued for approval (MiracleHunter link and/or marian-sites tag added this pass -- was missing),research_findings candidate 939552da-3a37-414e-ab92-4d29aa1a9032,
1800-1899,"1859 - Robinsonville, WI (USA)",Queued for approval (MiracleHunter link and/or marian-sites tag added this pass -- was missing),research_findings candidate c82dbbcf-1e92-4176-bec5-1233dd44bc87,
1800-1899,1859 - Rosenau (AUSTRIA),Excluded — no locatable site identified (MiracleHunter link and/or marian-sites tag added this pass -- was missing),research_findings excluded 0309d9a4-df83-4b3f-a3b8-e480fe925ec1,
1800-1899,1859 - Madhu (Sri Lanka),Queued for approval (MiracleHunter link and/or marian-sites tag added this pass -- was missing),research_findings candidate 89118529-59a5-4bb1-810f-cedd4cc9fd41,
1800-1899,"April 20, 1860 - Andlau (FRANCE, Alsace, Basso Reno, diocese of Strausberg)",Excluded — no locatable site identified (MiracleHunter link and/or marian-sites tag added this pass -- was missing),research_findings excluded 85fd945b-11e2-4e33-833a-f650b74bcf8f,
1800-1899,"September 6, 1860 - FRANCOULES (FRANCE)",Not previously ingested — written as new lead this pass,research_findings lead 32568ed3-abd9-4402-b022-6663249cdecb,
1800-1899,1861 - San Luca di Montafalco / Spoleto (Italy),Not previously ingested — written as new lead this pass,research_findings lead 6f900e6a-aa33-4562-8ccd-3fa67c874953,
1800-1899,1863 - Anglet (France),Excluded — no locatable site identified (MiracleHunter link and/or marian-sites tag added this pass -- was missing),research_findings excluded 3e35c609-5a83-439b-8165-bd5ba78caca6,
1800-1899,"January 13, 1865 - PETIGNY (FRANCE)",Excluded — no locatable site identified (MiracleHunter link and/or marian-sites tag added this pass -- was missing),research_findings excluded 83c00329-1200-4895-826b-50197deb7d4b,
1800-1899,1865 - Chambery (France),Not previously ingested — written as new lead this pass,research_findings lead 3e34099a-9578-4fcc-b107-6c1fcac9d11d,
1800-1899,1865 - ILAC (CROATIA),Not previously ingested — written as new lead this pass,research_findings lead 14e1c03d-f287-4e9c-923c-c77b94ab48d6,
1800-1899,"January 13, 1866 - Filippsdorf (Czech Republic)",Not previously ingested — written as new lead this pass,research_findings lead 0ec7d7b4-422f-4108-b249-fd0d8f528b84,
1800-1899,"January 25, 1867 - Kirchdorf (AUSTRIA)",Excluded — no locatable site identified (MiracleHunter link and/or marian-sites tag added this pass -- was missing),research_findings excluded ff76ef33-2336-429a-92e2-d318eeee5c90,
1800-1899,"April 15, 1868 - Bois d'Haine (Belgium)",Excluded — no locatable site identified (MiracleHunter link and/or marian-sites tag added this pass -- was missing),research_findings excluded 998baafb-d217-41d0-bca2-b3de6a3d69d9,
1800-1899,"1869 - Tsuwano, Japan","Approved, in sites",https://orbisdei.org/site/jp-tsuwano-otometoge-st-marys-chapel,Hidden Christians; Japanese Martyrs
1800-1899,1869 - Potay-Loigny (France),Excluded — no locatable site identified (MiracleHunter link and/or marian-sites tag added this pass -- was missing),research_findings excluded 29ffdc1e-1c8e-4628-9323-38db78676805,
1800-1899,"November 9, 1870 - Metz (France)",Excluded — no locatable site identified (MiracleHunter link and/or marian-sites tag added this pass -- was missing),research_findings excluded 85ea3924-8f54-4f3d-9cbb-df429d888eb3,
1800-1899,"November 20, 1870 - NANCY (FRANCE)",Excluded — no locatable site identified (MiracleHunter link and/or marian-sites tag added this pass -- was missing),research_findings excluded 9b3bd4e2-3eca-4bcb-a63f-72afe99fb5fb,
1800-1899,"April 10, 1870 - WALSCHBRONN (FRANCE)",Excluded — no locatable site identified (MiracleHunter link and/or marian-sites tag added this pass -- was missing),research_findings excluded 9415645b-8f62-4f83-83f6-1489f5752254,
1800-1899,1870 - EUPEN (BELGIUM),Excluded — no locatable site identified (MiracleHunter link and/or marian-sites tag added this pass -- was missing),research_findings excluded aa625ecf-8914-4145-b4ca-cd4cc8314edf,
1800-1899,1871 - Pontmain (France),"Approved, in sites (MiracleHunter link on this record had a stray trailing ')' in the URL -- corrected this pass)",https://orbisdei.org/site/fr-pontmain-basilica-of-pontmain,
1800-1899,"1871 - Innsbruck , Locherboden (Austria)",Queued for approval,research_findings candidate 4ce55b12-a72f-41d2-8747-c734ec8419be,
1800-1899,"April 4, 1871 - Lausanne, CHAPPELES (Switzerland)",Excluded — no locatable site identified (MiracleHunter link and/or marian-sites tag added this pass -- was missing),research_findings excluded 6d53064c-d652-4d04-9374-2b63f8600d20,
1800-1899,"December 5, 1871 - PARIS (FRANCE)",Not previously ingested — written as new lead this pass,research_findings lead bc1244d7-fea9-4701-b007-2d3c78b65c61,
1800-1899,"August 25, 1871 - St. Louis, MO (USA)",Excluded — no locatable site identified (MiracleHunter link and/or marian-sites tag added this pass -- was missing),research_findings excluded ac52d07d-ec81-4a8f-9f03-db29ae4a4034,
1800-1899,1872 - L'Hospital (France),Not previously ingested — written as new lead this pass,research_findings lead 131bea4b-86b0-4f27-b2ac-67e0c4aaa83e,
1800-1899,"July 7, 1872 - NEUBOIS (FRANCE)",Queued for approval (MiracleHunter link and/or marian-sites tag added this pass -- was missing),research_findings candidate e8feb0ff-82bb-4b18-8c87-c20c86a3295c,
1800-1899,"February 14, 1872 - POUILLE-les-Coteaux (FRANCE)",Not previously ingested — written as new lead this pass,research_findings lead e2c67880-1c98-4441-a728-8e0beca42943,
1800-1899,"February 18, 1873 - PARIS (FRANCE)",Not previously ingested — written as new lead this pass,research_findings lead a7c849f7-0d82-4496-9827-b22de265f55a,
1800-1899,"February 22, 1873 - Blaine / La Fraudais (France)",Queued for approval (MiracleHunter link and/or marian-sites tag added this pass -- was missing),research_findings candidate 75fa9ddb-a93d-4fe1-ae08-b3fa36804ad2,
1800-1899,"March 10, 1873 - Bilding-St. Avola (France)",Not previously ingested — written as new lead this pass,research_findings lead 32361b2a-ad97-4c41-be54-19c06f9eebd7,
1800-1899,March 1873 - Wittelsheim (Alsace),Excluded — no locatable site identified (MiracleHunter link and/or marian-sites tag added this pass -- was missing),research_findings excluded c62c6dbf-a2d8-4977-8d36-b660cc84cbed,
1800-1899,"April 14, 1873 - Walbach (Alsace)",Excluded — no locatable site identified (MiracleHunter link and/or marian-sites tag added this pass -- was missing),research_findings excluded ac08eb6b-0c46-442d-a46c-5a871523ae05,
1800-1899,"May 15, 1873 - Samois (FRANCE)",Excluded — no locatable site identified (MiracleHunter link and/or marian-sites tag added this pass -- was missing),research_findings excluded 4dd6d2d4-453e-4ab9-a9ef-8639c5d688bb,
1800-1899,"June 8, 1873 - Saint Bauzille DE LA SYLVIE, Montpellier (France)",Not previously ingested — written as new lead this pass,research_findings lead c00b1357-77b9-4f38-840b-f85148207379,
1800-1899,"1873 - Saint Bauzille DE LA SYLVIE, Montpellier (France)","Not previously ingested — written as new lead this pass (same site/subpage as idx 85 above -- combined into a single DB record, not duplicated)",research_findings lead c00b1357-77b9-4f38-840b-f85148207379,
1800-1899,1873 - RIXHEIM (FRANCE),Excluded — no locatable site identified (MiracleHunter link and/or marian-sites tag added this pass -- was missing),research_findings excluded 589220d3-ff8f-4d55-b37f-ca9db2745adf,
1800-1899,"1873 - San Francisco, CA (USA)",Excluded — no locatable site identified (MiracleHunter link and/or marian-sites tag added this pass -- was missing),research_findings excluded 7e0dbf70-20fe-4131-8494-b61a3ac2829f,
1800-1899,1873 - BETTWILLER (FRANCE),Excluded — no locatable site identified (MiracleHunter link and/or marian-sites tag added this pass -- was missing),research_findings excluded 6750eb14-b38e-40d6-b6af-c7782dea8875,
1800-1899,"September 10, 1874 - Noyal-Muzillac (France)",Queued for approval (MiracleHunter link and/or marian-sites tag added this pass -- was missing),research_findings candidate d942c6cc-c94e-4e96-b1fc-bd1cc95e4885,
1800-1899,1874 - Jerusalem,Queued for approval (MiracleHunter link and/or marian-sites tag added this pass -- was missing),research_findings candidate 1f258a34-30df-44bf-b6ce-cfa95172065d,
1800-1899,"May 12, 1874 - Pra' (Italy)",Not previously ingested — written as new lead this pass,research_findings lead 6ba7e423-3395-4b44-8627-afb544964c1e,
1800-1899,"1874 - Bonsecours, Hainaut (Belgium) / Enghien (Belgium)",Excluded — no locatable site identified (MiracleHunter link added this pass),research_findings excluded 1228f263-e169-4d6a-b1c1-0b4ef51c46a9,
1800-1899,"July 1875 - Villareggio, PIEDMONT (Italy)",Excluded — no locatable site identified (MiracleHunter link and/or marian-sites tag added this pass -- was missing),research_findings excluded 88caccaa-b7de-4d60-b9b6-e3de71ab3edc,
1800-1899,1875 - Loigny (FRANCE),Excluded — no locatable site identified (MiracleHunter link and/or marian-sites tag added this pass -- was missing),research_findings excluded 4662cd28-c313-4d96-9fdc-e756a92403ef,
1800-1899,"July 3, 1876 - Marpingen (Germany)",Queued for approval (MiracleHunter link and/or marian-sites tag added this pass -- was missing),research_findings candidate 282c0466-bea6-4ab1-a2f4-6a1ade4190c3,
1800-1899,"July 3, 1876 - FARGUES (FRANCE)",Excluded — no locatable site identified (MiracleHunter link and/or marian-sites tag added this pass -- was missing),research_findings excluded 235f0652-1383-47b6-b374-37086ed552d6,
1800-1899,1876 - Pellevoisin (France),"Approved, in sites",https://orbisdei.org/site/fr-pellevoisin-sanctuary-of-pellevoisin-pilgrimage-center-of-our-lady-of-mercy,community-john
1800-1899,"Dec 11, 1875 - BOULLERET (FRANCE)",Excluded — no locatable site identified (MiracleHunter link and/or marian-sites tag added this pass -- was missing),research_findings excluded f84e5d21-ff46-4b98-91b0-84b540341c00,
1800-1899,1876 - BALTIMORE (USA),Excluded — no locatable site identified (MiracleHunter link and/or marian-sites tag added this pass -- was missing),research_findings excluded 67862475-efe1-4e0c-b1e2-ab506a7ea929,
1800-1899,"Dec 1, 1876 - Mettenbuch (Germany)",Queued for approval (MiracleHunter's own dedicated link for this entry points to its unapproved_apparitions section despite appearing on the Traditionally Approved page -- flagging the contradiction for review),research_findings candidate 24cc147f-5c38-4a05-a43c-21528d260351,
1800-1899,"1877 - Gietrzwald, DIETRICHSWALDE (Poland)","Approved, in sites",https://orbisdei.org/site/pl-giertzwald-sanctuary-of-our-lady-of-gietrzwald,
1800-1899,1877 - Lummen (Belgium),Queued for approval (MiracleHunter link and/or marian-sites tag added this pass -- was missing),research_findings candidate 9c808a56-7d74-4af3-855f-661d0af2982d,
1800-1899,1878 - Corato (Italy),Excluded — no locatable site identified (MiracleHunter link and/or marian-sites tag added this pass -- was missing),research_findings excluded 39eec11c-9cd1-4aff-bc3e-1dbaebeedc09,
1800-1899,1879 - Knock (Ireland),"Approved, in sites",https://orbisdei.org/site/ie-knock-knock-shrine,
1800-1899,"1880 - Holywell, Gainsborough (England)",Not previously ingested — written as new lead this pass,research_findings lead e1dcea4c-4fc9-40f7-b723-06a751414a78,
1800-1899,"1881 - Philadelphia, PA (USA)",Excluded — no locatable site identified (MiracleHunter link and/or marian-sites tag added this pass -- was missing),research_findings excluded 0d69d2e0-e729-410c-9c82-53a19a62ac62,
1800-1899,June 1882 - Les Landes (France),Not previously ingested — written as new lead this pass,research_findings lead c78b646d-2416-4a3d-bad1-81ff3edd1334,
1800-1899,1882 - Lyons (France),Not previously ingested — written as new lead this pass,research_findings lead 5a35acd8-fa00-487e-a240-3a5c1d32e1f4,
1800-1899,1883 - Rovigo (Italy),Not previously ingested — written as new lead this pass,research_findings lead ec6a850e-98f7-4aea-8061-bf8cdc43ed3c,
1800-1899,"May 13, 1883 - Saint Therese of Lisieux","Approved, in sites",https://orbisdei.org/site/fr-lisieux-les-buissonnets-house-of-st-therese,St. Therese of Lisieux; louis-zelie-martin
1800-1899,"June 22, 1883 - Gharb (Gozo) (Sister island of Malta)",Not previously ingested — written as new lead this pass,research_findings lead c710b8dd-c0dd-4d58-86ec-4940348ced3d,
1800-1899,March 1884 - Lyon and Diemoz (France),Not previously ingested — written as new lead this pass,research_findings lead 53db951d-69a4-4c91-b516-f9e3ef4f1292,
1800-1899,1884 - St. Columbin (France),Not previously ingested — written as new lead this pass,research_findings lead 7c68a122-bb39-4823-bb4b-777ca083964b,
1800-1899,"1884 - Aichstetten, Bavaria (Germany)",Not previously ingested — written as new lead this pass,research_findings lead cd51d79c-60bf-46b3-854d-3b29874f3817,
1800-1899,"1884 - Kallikulam, Tamilnad (India)",Not previously ingested — written as new lead this pass,research_findings lead 415057c3-a82b-4f1a-af79-91af3cbecbe5,
1800-1899,1884 - Pompeii (Italy),Not previously ingested — written as new lead this pass,research_findings lead a28b7776-0d25-4a58-826f-dff884dfb3c4,
1800-1899,1884 - MONTLIGEON (FRANCE),Not previously ingested — written as new lead this pass,research_findings lead 4325bfef-beca-474c-8432-105f7a9fe0ea,
1800-1899,"March 27, 1886 - Castelpetroso (Italy)",Queued for approval,research_findings candidate c37a2a9c-7e66-4cdb-8911-c67c03586f7a,
1800-1899,"July 17, 1886 - Saint-Pierre-Eynac (France)",Not previously ingested — written as new lead this pass,research_findings lead 28d98d14-3d68-4082-b3c4-c31fd9db75ee,
1800-1899,"June 14, 1887 - Laugnac (FRANCE)",Not previously ingested — written as new lead this pass,research_findings lead 29e76ad4-d810-4e66-b240-116839c8297d,
1800-1899,"July 19, 1888 - VALLENSANGES (FRANCE)",Not previously ingested — written as new lead this pass,research_findings lead 42118eb1-12be-45d0-8378-34c4ab01511b,
1800-1899,1890 - Signy (France),Not previously ingested — written as new lead this pass,research_findings lead 2f1299dc-dbc6-468e-8661-717acfb24450,
1800-1899,1894 - Szezyk-Bita (Poland),Not previously ingested — written as new lead this pass,research_findings lead f0f5fb5f-6f35-4544-b619-8a77c9161cee,
1800-1899,1895 - Vellangany (India),"Approved, in sites",https://orbisdei.org/site/in-velankanni-basilica-of-our-lady-of-good-health,
1800-1899,"1896 - Tilly-Sur-Seulles, Bayeux (France)",Not previously ingested — written as new lead this pass,research_findings lead 89f86c61-8d7a-4fd4-8242-e6b08a464553,
1800-1899,"Dec 8, 1896 - Imbersago (Lombardy)",Queued for approval (MiracleHunter link and/or marian-sites tag added this pass -- was missing),research_findings candidate 09e5fc5b-e086-4c8e-a172-f3c82abe947e,
1800-1899,1898 - Schippach (Germany),Not previously ingested — written as new lead this pass,research_findings lead 5cab8037-593e-4e91-898b-3010470c7436,
1800-1899,"1899 - Campitello, Corsica (Italy)",Not previously ingested — written as new lead this pass,research_findings lead fa12b27d-bad7-42d8-bfda-00d27079c310,
1800-1899,"June 8th, 1899 - Lucca, Toscana (Italy)",Not previously ingested — written as new lead this pass,research_findings lead d4613220-42ca-46b4-8f80-e08dc6f91b25,
Bishop Approved,1594 - Quito (Ecuador),Queued for approval,research_findings candidate 276096a8-cf23-4602-ab81-5fa3a5c5158e,
Bishop Approved,1652 - Querrien / La Prenessaye (France),Queued for approval (MiracleHunter source link added this pass - was missing),research_findings candidate bc12da04-c4f9-4db7-adc1-98a53acaa103,
Bishop Approved,1729 - Montagnaga (Italy),Not previously ingested - written as new lead this pass,research_findings lead 8a0fbe44-f55a-4992-a974-c216fa361db9,marian-sites
Bishop Approved,1859 - Robinsonville/Champion WI (USA),Queued for approval (duplicate rf row found and closed - see notes),research_findings candidate c82dbbcf-1e92-4176-bec5-1233dd44bc87 (merged into pending_submissions 6fd43080-fbc7-4a97-b2d3-1d5cef8f1fd4),
Bishop Approved,1888 - Castelpetroso (Italy),Queued for approval (MiracleHunter source link added this pass - was missing),research_findings candidate c37a2a9c-7e66-4cdb-8911-c67c03586f7a,
Bishop Approved,1973 - Akita (Japan),"Approved, in sites",https://orbisdei.org/site/jp-akita-seitai-hoshikai,
Bishop Approved,1976 - Betania (Venezuela),"Unvetted lead only - name captured, not yet researched/tagged/linked (from an unrelated automated run earlier today)",research_findings lead e8d1b04b-3061-48f4-a55b-48cad1de8bc5,
Bishop Approved,1980 - Cuapa (Nicaragua),"Unvetted lead only - name captured, not yet researched/tagged/linked (from an unrelated automated run earlier today)",research_findings lead 7a0804fe-2ae4-4dff-83d9-96d3f0c9037f,
Bishop Approved,1983 - San Nicolas (Argentina),"Unvetted lead only - name captured, not yet researched/tagged/linked (from an unrelated automated run earlier today)",research_findings lead ae814612-f269-40fb-9bfb-73de0b82c0e3,
Coptic Approved,1968 - Zeitun (Egypt),"Approved, in sites",https://orbisdei.org/site/eg-cairo-virgin-mary-church-in-zeitoun,coptic
Coptic Approved,1982 - Edfu (Egypt),Queued for approval,research_findings candidate 7261781d-ff6d-41f3-a2d9-84ef2ef02576,
Coptic Approved,1986 - Shoubra (Egypt),Queued for approval (MiracleHunter source link added this pass — was missing),research_findings candidate 0568d529-a168-41cb-9278-4628cff87489,
Coptic Approved,1997 - Shentena Al-Hagger (Egypt),"Queued for approval (MiracleHunter source link added this pass — was missing; no dedicated MiracleHunter subpage exists for this entry, so the category index page was used as the deepest available link)",research_findings candidate 240cd14f-d808-4582-89c6-52e83e8fe7d9,
Coptic Approved,2000 - Assiut (Egypt),Queued for approval (MiracleHunter source link added this pass — was missing),research_findings candidate b0ba4fa9-fc92-4311-b250-2921b98705ed,
Coptic Approved,2001 - Gabal Dronka (Egypt),Queued for approval,research_findings candidate 12367bd4-a2ab-407b-a2ce-5e91aa03b096,
Coptic Approved,2009 - Warraq el-Hadar (Egypt),Queued for approval (MiracleHunter source link added this pass — was missing),research_findings candidate e714f051-3d86-47a9-9d96-efa903fe87b5,
Vatican Approved,1531 - Guadalupe (Mexico),"Approved, in sites",https://orbisdei.org/site/mx-mexico-city-basilica-of-our-lady-of-guadalupe,juan-diego
Vatican Approved,1578 - Lezajsk (Poland),"Approved, in sites",https://orbisdei.org/site/pl-lezajsk-sanctuary-of-our-lady-of-consolation-monastery-of-the-bernardine-fathers-in-lezajsk,
Vatican Approved,1608 - Siluva (Lithuania),"Approved, in sites",https://orbisdei.org/site/lt-siluva-basilica-of-the-nativity-of-the-blessed-virgin-mary,
Vatican Approved,1664 - Laus (France),"Approved, in sites (enrichment proposal pending admin review)",https://orbisdei.org/site/fr-saint-etienne-le-laus-sanctuary-of-our-lady-of-laus,benoite-rencurel
Vatican Approved,1830 - Rue du Bac / Paris (France),"Approved, in sites",https://orbisdei.org/site/fr-paris-chapel-of-our-lady-of-the-miraculous-medal,"catherine-laboure, louise-de-marillac, vincent-de-paul"
Vatican Approved,1842 - Rome (Italy),"Approved, in sites",https://orbisdei.org/site/it-rome-santandrea-delle-fratte-st-andrew-of-the-thickets,"maximilian-kolbe, marie-alphonse-ratisbonne"
Vatican Approved,1846 - La Salette (France),"Approved, in sites",https://orbisdei.org/site/fr-la-salette-fallavaux-sanctuary-of-our-lady-of-la-salette,
Vatican Approved,1858 - Lourdes (France),"Approved, in sites",https://orbisdei.org/site/fr-lourdes-sanctuary-of-our-lady-of-lourdes,bernadette-soubirous
Vatican Approved,1866 - Filippsdorf (Czech Republic),"Approved, in sites",https://orbisdei.org/site/cz-filipov-basilica-of-our-lady-help-of-christians,
Vatican Approved,1871 - Pontmain (France),"Approved, in sites",https://orbisdei.org/site/fr-pontmain-basilica-of-pontmain,
Vatican Approved,1877 - Gietrzwald (Poland),"Approved, in sites",https://orbisdei.org/site/pl-giertzwald-sanctuary-of-our-lady-of-gietrzwald,
Vatican Approved,1879 - Knock (Ireland),"Approved, in sites",https://orbisdei.org/site/ie-knock-knock-shrine,
Vatican Approved,1917 - Fatima (Portugal),"Approved, in sites",https://orbisdei.org/site/pt-fatima-sanctuary-of-our-lady-of-the-rosary-of-fatima,"francisco-and-jacinta-marto, lucia-dos-santos"
Vatican Approved,1932 - Beauraing (Belgium),Queued for approval (MiracleHunter source link added this pass - was missing),research_findings candidate b2fbb93a-4399-415f-a524-426cec32dc37,
Vatican Approved,1933 - Banneux (Belgium),Queued for approval (MiracleHunter source link added this pass - was missing),research_findings candidate 039a4783-da84-4b23-8337-53e83d13638f,
Vatican Approved,1981 - Kibeho (Rwanda),"Approved, in sites (enrichment proposal pending admin review)",https://orbisdei.org/site/rw-kibeho-shrine-of-our-lady-of-kibeho,
